degree,runtime,details
10,0.022458553314208984,monte_carlo_n1000000_n16
10,0.0044710636138916016,monte_carlo_n1000000_n16
10,0.003542661666870117,monte_carlo_n1000000_n16
10,0.0037615299224853516,monte_carlo_n1000000_n16
10,0.0033767223358154297,monte_carlo_n1000000_n16
10,0.0033659934997558594,monte_carlo_n1000000_n16
10,0.0033638477325439453,monte_carlo_n1000000_n16
10,0.0033011436462402344,monte_carlo_n1000000_n16
10,0.0033178329467773438,monte_carlo_n1000000_n16
10,0.0034198760986328125,monte_carlo_n1000000_n16
10,0.003359079360961914,monte_carlo_n1000000_n16
10,0.003432035446166992,monte_carlo_n1000000_n16
10,0.0033419132232666016,monte_carlo_n1000000_n16
10,0.0033605098724365234,monte_carlo_n1000000_n16
10,0.0033779144287109375,monte_carlo_n1000000_n16
10,0.003414154052734375,monte_carlo_n1000000_n16
10,0.003371000289916992,monte_carlo_n1000000_n16
10,0.0033843517303466797,monte_carlo_n1000000_n16
10,0.003348112106323242,monte_carlo_n1000000_n16
10,0.0034110546112060547,monte_carlo_n1000000_n16
10,0.0033457279205322266,monte_carlo_n1000000_n16
10,0.003371715545654297,monte_carlo_n1000000_n16
10,0.003429412841796875,monte_carlo_n1000000_n16
10,0.003322601318359375,monte_carlo_n1000000_n16
10,0.003448009490966797,monte_carlo_n1000000_n16
10,0.003335714340209961,monte_carlo_n1000000_n16
10,0.0033159255981445312,monte_carlo_n1000000_n16
10,0.0033326148986816406,monte_carlo_n1000000_n16
10,0.003367900848388672,monte_carlo_n1000000_n16
10,0.0032892227172851562,monte_carlo_n1000000_n16
10,0.003309965133666992,monte_carlo_n1000000_n16
10,0.0033409595489501953,monte_carlo_n1000000_n16
10,0.003345966339111328,monte_carlo_n1000000_n16
10,0.0033643245697021484,monte_carlo_n1000000_n16
10,0.003324270248413086,monte_carlo_n1000000_n16
10,0.0033092498779296875,monte_carlo_n1000000_n16
10,0.0033409595489501953,monte_carlo_n1000000_n16
10,0.0033080577850341797,monte_carlo_n1000000_n16
10,0.0033707618713378906,monte_carlo_n1000000_n16
10,0.003361225128173828,monte_carlo_n1000000_n16
10,0.003315448760986328,monte_carlo_n1000000_n16
10,0.003523588180541992,monte_carlo_n1000000_n16
10,0.003305673599243164,monte_carlo_n1000000_n16
10,0.0033762454986572266,monte_carlo_n1000000_n16
10,0.0033273696899414062,monte_carlo_n1000000_n16
10,0.004718780517578125,monte_carlo_n1000000_n16
10,0.0034384727478027344,monte_carlo_n1000000_n16
10,0.0033740997314453125,monte_carlo_n1000000_n16
10,0.003329038619995117,monte_carlo_n1000000_n16
10,0.0034737586975097656,monte_carlo_n1000000_n16
10,0.0033316612243652344,monte_carlo_n1000000_n16
10,0.003340005874633789,monte_carlo_n1000000_n16
10,0.0033333301544189453,monte_carlo_n1000000_n16
10,0.0032896995544433594,monte_carlo_n1000000_n16
10,0.003330230712890625,monte_carlo_n1000000_n16
10,0.003373861312866211,monte_carlo_n1000000_n16
10,0.003331899642944336,monte_carlo_n1000000_n16
10,0.003361225128173828,monte_carlo_n1000000_n16
10,0.0033986568450927734,monte_carlo_n1000000_n16
10,0.003337383270263672,monte_carlo_n1000000_n16
10,0.0032949447631835938,monte_carlo_n1000000_n16
10,0.004266262054443359,monte_carlo_n1000000_n16
10,0.0033698081970214844,monte_carlo_n1000000_n16
10,0.003346681594848633,monte_carlo_n1000000_n16
10,0.00335693359375,monte_carlo_n1000000_n16
10,0.003358125686645508,monte_carlo_n1000000_n16
10,0.0034360885620117188,monte_carlo_n1000000_n16
10,0.003320932388305664,monte_carlo_n1000000_n16
10,0.0034024715423583984,monte_carlo_n1000000_n16
10,0.003378629684448242,monte_carlo_n1000000_n16
10,0.003306865692138672,monte_carlo_n1000000_n16
10,0.003361225128173828,monte_carlo_n1000000_n16
10,0.003329753875732422,monte_carlo_n1000000_n16
10,0.003310680389404297,monte_carlo_n1000000_n16
10,0.003279447555541992,monte_carlo_n1000000_n16
10,0.0033729076385498047,monte_carlo_n1000000_n16
10,0.003348827362060547,monte_carlo_n1000000_n16
10,0.0033636093139648438,monte_carlo_n1000000_n16
10,0.003290891647338867,monte_carlo_n1000000_n16
10,0.003536701202392578,monte_carlo_n1000000_n16
10,0.0034303665161132812,monte_carlo_n1000000_n16
10,0.003354787826538086,monte_carlo_n1000000_n16
10,0.0033218860626220703,monte_carlo_n1000000_n16
10,0.0035066604614257812,monte_carlo_n1000000_n16
10,0.003329038619995117,monte_carlo_n1000000_n16
10,0.0033159255981445312,monte_carlo_n1000000_n16
10,0.0033330917358398438,monte_carlo_n1000000_n16
10,0.0034110546112060547,monte_carlo_n1000000_n16
10,0.0033550262451171875,monte_carlo_n1000000_n16
10,0.003308534622192383,monte_carlo_n1000000_n16
10,0.003278970718383789,monte_carlo_n1000000_n16
10,0.0035333633422851562,monte_carlo_n1000000_n16
10,0.0033729076385498047,monte_carlo_n1000000_n16
10,0.0033757686614990234,monte_carlo_n1000000_n16
10,0.0033431053161621094,monte_carlo_n1000000_n16
10,0.0033228397369384766,monte_carlo_n1000000_n16
10,0.003332376480102539,monte_carlo_n1000000_n16
10,0.003337860107421875,monte_carlo_n1000000_n16
10,0.003330230712890625,monte_carlo_n1000000_n16
10,0.003289461135864258,monte_carlo_n1000000_n16
50,0.01022648811340332,monte_carlo_n1000000_n16
50,0.010195255279541016,monte_carlo_n1000000_n16
50,0.01017904281616211,monte_carlo_n1000000_n16
50,0.01019740104675293,monte_carlo_n1000000_n16
50,0.010294675827026367,monte_carlo_n1000000_n16
50,0.010187387466430664,monte_carlo_n1000000_n16
50,0.010324954986572266,monte_carlo_n1000000_n16
50,0.010315656661987305,monte_carlo_n1000000_n16
50,0.010203361511230469,monte_carlo_n1000000_n16
50,0.01018381118774414,monte_carlo_n1000000_n16
50,0.01018977165222168,monte_carlo_n1000000_n16
50,0.01020669937133789,monte_carlo_n1000000_n16
50,0.010221481323242188,monte_carlo_n1000000_n16
50,0.010205745697021484,monte_carlo_n1000000_n16
50,0.010242938995361328,monte_carlo_n1000000_n16
50,0.010259389877319336,monte_carlo_n1000000_n16
50,0.010194063186645508,monte_carlo_n1000000_n16
50,0.010182380676269531,monte_carlo_n1000000_n16
50,0.010239124298095703,monte_carlo_n1000000_n16
50,0.010202646255493164,monte_carlo_n1000000_n16
50,0.010219812393188477,monte_carlo_n1000000_n16
50,0.010243892669677734,monte_carlo_n1000000_n16
50,0.010258674621582031,monte_carlo_n1000000_n16
50,0.01025247573852539,monte_carlo_n1000000_n16
50,0.010529756546020508,monte_carlo_n1000000_n16
50,0.010291576385498047,monte_carlo_n1000000_n16
50,0.010362863540649414,monte_carlo_n1000000_n16
50,0.010196208953857422,monte_carlo_n1000000_n16
50,0.010231733322143555,monte_carlo_n1000000_n16
50,0.010176658630371094,monte_carlo_n1000000_n16
50,0.010316610336303711,monte_carlo_n1000000_n16
50,0.01020050048828125,monte_carlo_n1000000_n16
50,0.010227203369140625,monte_carlo_n1000000_n16
50,0.00967550277709961,monte_carlo_n1000000_n16
50,0.009227991104125977,monte_carlo_n1000000_n16
50,0.009948492050170898,monte_carlo_n1000000_n16
50,0.010315179824829102,monte_carlo_n1000000_n16
50,0.010139942169189453,monte_carlo_n1000000_n16
50,0.010312557220458984,monte_carlo_n1000000_n16
50,0.01020193099975586,monte_carlo_n1000000_n16
50,0.010149240493774414,monte_carlo_n1000000_n16
50,0.0103607177734375,monte_carlo_n1000000_n16
50,0.010232925415039062,monte_carlo_n1000000_n16
50,0.010272741317749023,monte_carlo_n1000000_n16
50,0.009371519088745117,monte_carlo_n1000000_n16
50,0.010261058807373047,monte_carlo_n1000000_n16
50,0.009612798690795898,monte_carlo_n1000000_n16
50,0.00937032699584961,monte_carlo_n1000000_n16
50,0.010190248489379883,monte_carlo_n1000000_n16
50,0.01017141342163086,monte_carlo_n1000000_n16
50,0.009835958480834961,monte_carlo_n1000000_n16
50,0.01018524169921875,monte_carlo_n1000000_n16
50,0.010294675827026367,monte_carlo_n1000000_n16
50,0.009937047958374023,monte_carlo_n1000000_n16
50,0.010180473327636719,monte_carlo_n1000000_n16
50,0.010188817977905273,monte_carlo_n1000000_n16
50,0.010261297225952148,monte_carlo_n1000000_n16
50,0.010280847549438477,monte_carlo_n1000000_n16
50,0.01024007797241211,monte_carlo_n1000000_n16
50,0.010189533233642578,monte_carlo_n1000000_n16
50,0.01023721694946289,monte_carlo_n1000000_n16
50,0.010335206985473633,monte_carlo_n1000000_n16
50,0.010205984115600586,monte_carlo_n1000000_n16
50,0.010217428207397461,monte_carlo_n1000000_n16
50,0.01020359992980957,monte_carlo_n1000000_n16
50,0.010246038436889648,monte_carlo_n1000000_n16
50,0.010550498962402344,monte_carlo_n1000000_n16
50,0.010268688201904297,monte_carlo_n1000000_n16
50,0.010690450668334961,monte_carlo_n1000000_n16
50,0.010581731796264648,monte_carlo_n1000000_n16
50,0.011129140853881836,monte_carlo_n1000000_n16
50,0.011208772659301758,monte_carlo_n1000000_n16
50,0.01114964485168457,monte_carlo_n1000000_n16
50,0.011162042617797852,monte_carlo_n1000000_n16
50,0.011515140533447266,monte_carlo_n1000000_n16
50,0.01114654541015625,monte_carlo_n1000000_n16
50,0.011215686798095703,monte_carlo_n1000000_n16
50,0.011202812194824219,monte_carlo_n1000000_n16
50,0.011224985122680664,monte_carlo_n1000000_n16
50,0.011141777038574219,monte_carlo_n1000000_n16
50,0.011126995086669922,monte_carlo_n1000000_n16
50,0.011078119277954102,monte_carlo_n1000000_n16
50,0.011156320571899414,monte_carlo_n1000000_n16
50,0.011113643646240234,monte_carlo_n1000000_n16
50,0.011146306991577148,monte_carlo_n1000000_n16
50,0.011180877685546875,monte_carlo_n1000000_n16
50,0.011147737503051758,monte_carlo_n1000000_n16
50,0.011155366897583008,monte_carlo_n1000000_n16
50,0.011134624481201172,monte_carlo_n1000000_n16
50,0.011153221130371094,monte_carlo_n1000000_n16
50,0.011123418807983398,monte_carlo_n1000000_n16
50,0.01112818717956543,monte_carlo_n1000000_n16
50,0.011175394058227539,monte_carlo_n1000000_n16
50,0.01112675666809082,monte_carlo_n1000000_n16
50,0.011219024658203125,monte_carlo_n1000000_n16
50,0.011112451553344727,monte_carlo_n1000000_n16
50,0.010652780532836914,monte_carlo_n1000000_n16
50,0.010102510452270508,monte_carlo_n1000000_n16
50,0.010485172271728516,monte_carlo_n1000000_n16
50,0.010800600051879883,monte_carlo_n1000000_n16
100,0.02054905891418457,monte_carlo_n1000000_n16
100,0.020742416381835938,monte_carlo_n1000000_n16
100,0.02053236961364746,monte_carlo_n1000000_n16
100,0.02043771743774414,monte_carlo_n1000000_n16
100,0.020461559295654297,monte_carlo_n1000000_n16
100,0.020398616790771484,monte_carlo_n1000000_n16
100,0.020681142807006836,monte_carlo_n1000000_n16
100,0.020557165145874023,monte_carlo_n1000000_n16
100,0.020703554153442383,monte_carlo_n1000000_n16
100,0.020498275756835938,monte_carlo_n1000000_n16
100,0.020467281341552734,monte_carlo_n1000000_n16
100,0.02057361602783203,monte_carlo_n1000000_n16
100,0.02065277099609375,monte_carlo_n1000000_n16
100,0.02050185203552246,monte_carlo_n1000000_n16
100,0.02054286003112793,monte_carlo_n1000000_n16
100,0.020481348037719727,monte_carlo_n1000000_n16
100,0.020149707794189453,monte_carlo_n1000000_n16
100,0.020372629165649414,monte_carlo_n1000000_n16
100,0.02047252655029297,monte_carlo_n1000000_n16
100,0.020490646362304688,monte_carlo_n1000000_n16
100,0.020460844039916992,monte_carlo_n1000000_n16
100,0.020580291748046875,monte_carlo_n1000000_n16
100,0.020859718322753906,monte_carlo_n1000000_n16
100,0.019776582717895508,monte_carlo_n1000000_n16
100,0.02084517478942871,monte_carlo_n1000000_n16
100,0.02046966552734375,monte_carlo_n1000000_n16
100,0.022031068801879883,monte_carlo_n1000000_n16
100,0.02042984962463379,monte_carlo_n1000000_n16
100,0.020559310913085938,monte_carlo_n1000000_n16
100,0.021067380905151367,monte_carlo_n1000000_n16
100,0.02063918113708496,monte_carlo_n1000000_n16
100,0.02079319953918457,monte_carlo_n1000000_n16
100,0.020695924758911133,monte_carlo_n1000000_n16
100,0.02074289321899414,monte_carlo_n1000000_n16
100,0.020787954330444336,monte_carlo_n1000000_n16
100,0.020762920379638672,monte_carlo_n1000000_n16
100,0.020714521408081055,monte_carlo_n1000000_n16
100,0.020555973052978516,monte_carlo_n1000000_n16
100,0.020625829696655273,monte_carlo_n1000000_n16
100,0.020503997802734375,monte_carlo_n1000000_n16
100,0.01989126205444336,monte_carlo_n1000000_n16
100,0.02065563201904297,monte_carlo_n1000000_n16
100,0.02049112319946289,monte_carlo_n1000000_n16
100,0.02081775665283203,monte_carlo_n1000000_n16
100,0.02055525779724121,monte_carlo_n1000000_n16
100,0.020553112030029297,monte_carlo_n1000000_n16
100,0.020412445068359375,monte_carlo_n1000000_n16
100,0.021573305130004883,monte_carlo_n1000000_n16
100,0.020763874053955078,monte_carlo_n1000000_n16
100,0.020639657974243164,monte_carlo_n1000000_n16
100,0.020671606063842773,monte_carlo_n1000000_n16
100,0.02045726776123047,monte_carlo_n1000000_n16
100,0.020655155181884766,monte_carlo_n1000000_n16
100,0.02063751220703125,monte_carlo_n1000000_n16
100,0.020841121673583984,monte_carlo_n1000000_n16
100,0.022063493728637695,monte_carlo_n1000000_n16
100,0.020525455474853516,monte_carlo_n1000000_n16
100,0.02051997184753418,monte_carlo_n1000000_n16
100,0.020606040954589844,monte_carlo_n1000000_n16
100,0.020438671112060547,monte_carlo_n1000000_n16
100,0.020528316497802734,monte_carlo_n1000000_n16
100,0.019609928131103516,monte_carlo_n1000000_n16
100,0.021290302276611328,monte_carlo_n1000000_n16
100,0.02080559730529785,monte_carlo_n1000000_n16
100,0.0205690860748291,monte_carlo_n1000000_n16
100,0.0205230712890625,monte_carlo_n1000000_n16
100,0.0207979679107666,monte_carlo_n1000000_n16
100,0.02069830894470215,monte_carlo_n1000000_n16
100,0.02072906494140625,monte_carlo_n1000000_n16
100,0.020667552947998047,monte_carlo_n1000000_n16
100,0.020891666412353516,monte_carlo_n1000000_n16
100,0.02062249183654785,monte_carlo_n1000000_n16
100,0.020513534545898438,monte_carlo_n1000000_n16
100,0.02056145668029785,monte_carlo_n1000000_n16
100,0.024810791015625,monte_carlo_n1000000_n16
100,0.020545244216918945,monte_carlo_n1000000_n16
100,0.02110576629638672,monte_carlo_n1000000_n16
100,0.02070760726928711,monte_carlo_n1000000_n16
100,0.022101163864135742,monte_carlo_n1000000_n16
100,0.020653486251831055,monte_carlo_n1000000_n16
100,0.020759105682373047,monte_carlo_n1000000_n16
100,0.02077484130859375,monte_carlo_n1000000_n16
100,0.020662307739257812,monte_carlo_n1000000_n16
100,0.020905256271362305,monte_carlo_n1000000_n16
100,0.020458698272705078,monte_carlo_n1000000_n16
100,0.02242445945739746,monte_carlo_n1000000_n16
100,0.020502805709838867,monte_carlo_n1000000_n16
100,0.02103877067565918,monte_carlo_n1000000_n16
100,0.020648717880249023,monte_carlo_n1000000_n16
100,0.020839929580688477,monte_carlo_n1000000_n16
100,0.020832300186157227,monte_carlo_n1000000_n16
100,0.02072453498840332,monte_carlo_n1000000_n16
100,0.0204770565032959,monte_carlo_n1000000_n16
100,0.02059006690979004,monte_carlo_n1000000_n16
100,0.02063131332397461,monte_carlo_n1000000_n16
100,0.020652294158935547,monte_carlo_n1000000_n16
100,0.02078700065612793,monte_carlo_n1000000_n16
100,0.02184915542602539,monte_carlo_n1000000_n16
100,0.020719051361083984,monte_carlo_n1000000_n16
100,0.02063131332397461,monte_carlo_n1000000_n16
500,0.09674644470214844,monte_carlo_n1000000_n16
500,0.09731745719909668,monte_carlo_n1000000_n16
500,0.0957036018371582,monte_carlo_n1000000_n16
500,0.09397697448730469,monte_carlo_n1000000_n16
500,0.09649133682250977,monte_carlo_n1000000_n16
500,0.09830904006958008,monte_carlo_n1000000_n16
500,0.0952146053314209,monte_carlo_n1000000_n16
500,0.09103846549987793,monte_carlo_n1000000_n16
500,0.09699034690856934,monte_carlo_n1000000_n16
500,0.09460139274597168,monte_carlo_n1000000_n16
500,0.0966947078704834,monte_carlo_n1000000_n16
500,0.09697341918945312,monte_carlo_n1000000_n16
500,0.09530377388000488,monte_carlo_n1000000_n16
500,0.09884881973266602,monte_carlo_n1000000_n16
500,0.09607291221618652,monte_carlo_n1000000_n16
500,0.09195375442504883,monte_carlo_n1000000_n16
500,0.09076070785522461,monte_carlo_n1000000_n16
500,0.09676003456115723,monte_carlo_n1000000_n16
500,0.09742021560668945,monte_carlo_n1000000_n16
500,0.0912177562713623,monte_carlo_n1000000_n16
500,0.0949242115020752,monte_carlo_n1000000_n16
500,0.09282898902893066,monte_carlo_n1000000_n16
500,0.0964815616607666,monte_carlo_n1000000_n16
500,0.0951700210571289,monte_carlo_n1000000_n16
500,0.09731507301330566,monte_carlo_n1000000_n16
500,0.09834027290344238,monte_carlo_n1000000_n16
500,0.09513401985168457,monte_carlo_n1000000_n16
500,0.09512877464294434,monte_carlo_n1000000_n16
500,0.09633541107177734,monte_carlo_n1000000_n16
500,0.09215688705444336,monte_carlo_n1000000_n16
500,0.09629559516906738,monte_carlo_n1000000_n16
500,0.09203767776489258,monte_carlo_n1000000_n16
500,0.09311628341674805,monte_carlo_n1000000_n16
500,0.09240984916687012,monte_carlo_n1000000_n16
500,0.09636855125427246,monte_carlo_n1000000_n16
500,0.09437417984008789,monte_carlo_n1000000_n16
500,0.09486794471740723,monte_carlo_n1000000_n16
500,0.09425687789916992,monte_carlo_n1000000_n16
500,0.09330892562866211,monte_carlo_n1000000_n16
500,0.0943903923034668,monte_carlo_n1000000_n16
500,0.09456086158752441,monte_carlo_n1000000_n16
500,0.09522843360900879,monte_carlo_n1000000_n16
500,0.09634566307067871,monte_carlo_n1000000_n16
500,0.09233880043029785,monte_carlo_n1000000_n16
500,0.09724688529968262,monte_carlo_n1000000_n16
500,0.09742522239685059,monte_carlo_n1000000_n16
500,0.09455466270446777,monte_carlo_n1000000_n16
500,0.0976412296295166,monte_carlo_n1000000_n16
500,0.09104490280151367,monte_carlo_n1000000_n16
500,0.09588241577148438,monte_carlo_n1000000_n16
500,0.09476685523986816,monte_carlo_n1000000_n16
500,0.0936284065246582,monte_carlo_n1000000_n16
500,0.09391260147094727,monte_carlo_n1000000_n16
500,0.09635686874389648,monte_carlo_n1000000_n16
500,0.0973663330078125,monte_carlo_n1000000_n16
500,0.09438490867614746,monte_carlo_n1000000_n16
500,0.09581518173217773,monte_carlo_n1000000_n16
500,0.09101176261901855,monte_carlo_n1000000_n16
500,0.0912473201751709,monte_carlo_n1000000_n16
500,0.09365367889404297,monte_carlo_n1000000_n16
500,0.09252786636352539,monte_carlo_n1000000_n16
500,0.09507346153259277,monte_carlo_n1000000_n16
500,0.0970306396484375,monte_carlo_n1000000_n16
500,0.09568357467651367,monte_carlo_n1000000_n16
500,0.0915822982788086,monte_carlo_n1000000_n16
500,0.09523344039916992,monte_carlo_n1000000_n16
500,0.09194231033325195,monte_carlo_n1000000_n16
500,0.09692096710205078,monte_carlo_n1000000_n16
500,0.09343981742858887,monte_carlo_n1000000_n16
500,0.09717106819152832,monte_carlo_n1000000_n16
500,0.0930938720703125,monte_carlo_n1000000_n16
500,0.09401488304138184,monte_carlo_n1000000_n16
500,0.09536504745483398,monte_carlo_n1000000_n16
500,0.09629988670349121,monte_carlo_n1000000_n16
500,0.09753894805908203,monte_carlo_n1000000_n16
500,0.09450793266296387,monte_carlo_n1000000_n16
500,0.09674763679504395,monte_carlo_n1000000_n16
500,0.09745407104492188,monte_carlo_n1000000_n16
500,0.09485912322998047,monte_carlo_n1000000_n16
500,0.09223484992980957,monte_carlo_n1000000_n16
500,0.09312605857849121,monte_carlo_n1000000_n16
500,0.0972292423248291,monte_carlo_n1000000_n16
500,0.09756231307983398,monte_carlo_n1000000_n16
500,0.09273767471313477,monte_carlo_n1000000_n16
500,0.09484052658081055,monte_carlo_n1000000_n16
500,0.09743118286132812,monte_carlo_n1000000_n16
500,0.09619832038879395,monte_carlo_n1000000_n16
500,0.09484696388244629,monte_carlo_n1000000_n16
500,0.08926677703857422,monte_carlo_n1000000_n16
500,0.0932304859161377,monte_carlo_n1000000_n16
500,0.09578227996826172,monte_carlo_n1000000_n16
500,0.10082507133483887,monte_carlo_n1000000_n16
500,0.09620904922485352,monte_carlo_n1000000_n16
500,0.09381484985351562,monte_carlo_n1000000_n16
500,0.09787344932556152,monte_carlo_n1000000_n16
500,0.0969550609588623,monte_carlo_n1000000_n16
500,0.09733867645263672,monte_carlo_n1000000_n16
500,0.09170269966125488,monte_carlo_n1000000_n16
500,0.09564328193664551,monte_carlo_n1000000_n16
500,0.09670853614807129,monte_carlo_n1000000_n16
1000,0.25797104835510254,monte_carlo_n1000000_n16
1000,0.24965310096740723,monte_carlo_n1000000_n16
1000,0.2681121826171875,monte_carlo_n1000000_n16
1000,0.250152587890625,monte_carlo_n1000000_n16
1000,0.26320600509643555,monte_carlo_n1000000_n16
1000,0.2501866817474365,monte_carlo_n1000000_n16
1000,0.25600385665893555,monte_carlo_n1000000_n16
1000,0.25092339515686035,monte_carlo_n1000000_n16
1000,0.24966168403625488,monte_carlo_n1000000_n16
1000,0.2584085464477539,monte_carlo_n1000000_n16
1000,0.26403355598449707,monte_carlo_n1000000_n16
1000,0.25507426261901855,monte_carlo_n1000000_n16
1000,0.2565016746520996,monte_carlo_n1000000_n16
1000,0.2621347904205322,monte_carlo_n1000000_n16
1000,0.25814151763916016,monte_carlo_n1000000_n16
1000,0.2569150924682617,monte_carlo_n1000000_n16
1000,0.25751709938049316,monte_carlo_n1000000_n16
1000,0.2538280487060547,monte_carlo_n1000000_n16
1000,0.26018500328063965,monte_carlo_n1000000_n16
1000,0.24967408180236816,monte_carlo_n1000000_n16
1000,0.2520482540130615,monte_carlo_n1000000_n16
1000,0.25873684883117676,monte_carlo_n1000000_n16
1000,0.25139617919921875,monte_carlo_n1000000_n16
1000,0.2610812187194824,monte_carlo_n1000000_n16
1000,0.2671935558319092,monte_carlo_n1000000_n16
1000,0.249098539352417,monte_carlo_n1000000_n16
1000,0.2534055709838867,monte_carlo_n1000000_n16
1000,0.2547140121459961,monte_carlo_n1000000_n16
1000,0.26142311096191406,monte_carlo_n1000000_n16
1000,0.26061487197875977,monte_carlo_n1000000_n16
1000,0.257779598236084,monte_carlo_n1000000_n16
1000,0.26003336906433105,monte_carlo_n1000000_n16
1000,0.2659943103790283,monte_carlo_n1000000_n16
1000,0.25425100326538086,monte_carlo_n1000000_n16
1000,0.255504846572876,monte_carlo_n1000000_n16
1000,0.2582893371582031,monte_carlo_n1000000_n16
1000,0.25032806396484375,monte_carlo_n1000000_n16
1000,0.2621293067932129,monte_carlo_n1000000_n16
1000,0.2502453327178955,monte_carlo_n1000000_n16
1000,0.2607290744781494,monte_carlo_n1000000_n16
1000,0.2513725757598877,monte_carlo_n1000000_n16
1000,0.2532477378845215,monte_carlo_n1000000_n16
1000,0.2523777484893799,monte_carlo_n1000000_n16
1000,0.2547190189361572,monte_carlo_n1000000_n16
1000,0.24932336807250977,monte_carlo_n1000000_n16
1000,0.25832104682922363,monte_carlo_n1000000_n16
1000,0.25152087211608887,monte_carlo_n1000000_n16
1000,0.2555525302886963,monte_carlo_n1000000_n16
1000,0.289581298828125,monte_carlo_n1000000_n16
1000,0.25719642639160156,monte_carlo_n1000000_n16
1000,0.2703850269317627,monte_carlo_n1000000_n16
1000,0.25684356689453125,monte_carlo_n1000000_n16
1000,0.31391024589538574,monte_carlo_n1000000_n16
1000,0.26700282096862793,monte_carlo_n1000000_n16
1000,0.30636024475097656,monte_carlo_n1000000_n16
1000,0.26114940643310547,monte_carlo_n1000000_n16
1000,0.24601268768310547,monte_carlo_n1000000_n16
1000,0.2662513256072998,monte_carlo_n1000000_n16
1000,0.25398755073547363,monte_carlo_n1000000_n16
1000,0.26109790802001953,monte_carlo_n1000000_n16
1000,0.24701523780822754,monte_carlo_n1000000_n16
1000,0.25292301177978516,monte_carlo_n1000000_n16
1000,0.2589561939239502,monte_carlo_n1000000_n16
1000,0.26534366607666016,monte_carlo_n1000000_n16
1000,0.25283098220825195,monte_carlo_n1000000_n16
1000,0.25940608978271484,monte_carlo_n1000000_n16
1000,0.2503845691680908,monte_carlo_n1000000_n16
1000,0.24973416328430176,monte_carlo_n1000000_n16
1000,0.2519378662109375,monte_carlo_n1000000_n16
1000,0.2566249370574951,monte_carlo_n1000000_n16
1000,0.254636287689209,monte_carlo_n1000000_n16
1000,0.2651865482330322,monte_carlo_n1000000_n16
1000,0.2593705654144287,monte_carlo_n1000000_n16
1000,0.25969433784484863,monte_carlo_n1000000_n16
1000,0.2583799362182617,monte_carlo_n1000000_n16
1000,0.26393651962280273,monte_carlo_n1000000_n16
1000,0.24729609489440918,monte_carlo_n1000000_n16
1000,0.2597196102142334,monte_carlo_n1000000_n16
1000,0.2595064640045166,monte_carlo_n1000000_n16
1000,0.2541666030883789,monte_carlo_n1000000_n16
1000,0.26370978355407715,monte_carlo_n1000000_n16
1000,0.2524268627166748,monte_carlo_n1000000_n16
1000,0.2624194622039795,monte_carlo_n1000000_n16
1000,0.2589757442474365,monte_carlo_n1000000_n16
1000,0.2607700824737549,monte_carlo_n1000000_n16
1000,0.2565441131591797,monte_carlo_n1000000_n16
1000,0.24908018112182617,monte_carlo_n1000000_n16
1000,0.2539787292480469,monte_carlo_n1000000_n16
1000,0.25684189796447754,monte_carlo_n1000000_n16
1000,0.25746822357177734,monte_carlo_n1000000_n16
1000,0.2525053024291992,monte_carlo_n1000000_n16
1000,0.2719252109527588,monte_carlo_n1000000_n16
1000,0.2680544853210449,monte_carlo_n1000000_n16
1000,0.2690291404724121,monte_carlo_n1000000_n16
1000,0.2702648639678955,monte_carlo_n1000000_n16
1000,0.2602717876434326,monte_carlo_n1000000_n16
1000,0.26266980171203613,monte_carlo_n1000000_n16
1000,0.2624692916870117,monte_carlo_n1000000_n16
1000,0.26853489875793457,monte_carlo_n1000000_n16
1000,0.25740861892700195,monte_carlo_n1000000_n16
10,0.012790203094482422,hybrid_amr_i10_m1e-06_m11
10,0.011816024780273438,hybrid_amr_i10_m1e-06_m11
10,0.010065317153930664,hybrid_amr_i10_m1e-06_m11
10,0.01081991195678711,hybrid_amr_i10_m1e-06_m11
10,0.01263570785522461,hybrid_amr_i10_m1e-06_m11
10,0.010926485061645508,hybrid_amr_i10_m1e-06_m11
10,0.012418746948242188,hybrid_amr_i10_m1e-06_m11
10,0.011935949325561523,hybrid_amr_i10_m1e-06_m11
10,0.008433818817138672,hybrid_amr_i10_m1e-06_m11
10,0.012057781219482422,hybrid_amr_i10_m1e-06_m11
10,0.016113758087158203,hybrid_amr_i10_m1e-06_m11
10,0.01601386070251465,hybrid_amr_i10_m1e-06_m11
10,0.01406717300415039,hybrid_amr_i10_m1e-06_m11
10,0.011050224304199219,hybrid_amr_i10_m1e-06_m11
10,0.01541900634765625,hybrid_amr_i10_m1e-06_m11
10,0.012084245681762695,hybrid_amr_i10_m1e-06_m11
10,0.010534524917602539,hybrid_amr_i10_m1e-06_m11
10,0.010242223739624023,hybrid_amr_i10_m1e-06_m11
10,0.008580684661865234,hybrid_amr_i10_m1e-06_m11
10,0.01288604736328125,hybrid_amr_i10_m1e-06_m11
10,0.012547016143798828,hybrid_amr_i10_m1e-06_m11
10,0.016101837158203125,hybrid_amr_i10_m1e-06_m11
10,0.0141754150390625,hybrid_amr_i10_m1e-06_m11
10,0.009960412979125977,hybrid_amr_i10_m1e-06_m11
10,0.013328075408935547,hybrid_amr_i10_m1e-06_m11
10,0.011857271194458008,hybrid_amr_i10_m1e-06_m11
10,0.013735771179199219,hybrid_amr_i10_m1e-06_m11
10,0.011611223220825195,hybrid_amr_i10_m1e-06_m11
10,0.010538101196289062,hybrid_amr_i10_m1e-06_m11
10,0.012456893920898438,hybrid_amr_i10_m1e-06_m11
10,0.01392364501953125,hybrid_amr_i10_m1e-06_m11
10,0.011209249496459961,hybrid_amr_i10_m1e-06_m11
10,0.01301431655883789,hybrid_amr_i10_m1e-06_m11
10,0.01415562629699707,hybrid_amr_i10_m1e-06_m11
10,0.017415761947631836,hybrid_amr_i10_m1e-06_m11
10,0.014086246490478516,hybrid_amr_i10_m1e-06_m11
10,0.011016845703125,hybrid_amr_i10_m1e-06_m11
10,0.007996797561645508,hybrid_amr_i10_m1e-06_m11
10,0.010014533996582031,hybrid_amr_i10_m1e-06_m11
10,0.011479854583740234,hybrid_amr_i10_m1e-06_m11
10,0.011592864990234375,hybrid_amr_i10_m1e-06_m11
10,0.012630224227905273,hybrid_amr_i10_m1e-06_m11
10,0.012781620025634766,hybrid_amr_i10_m1e-06_m11
10,0.010044574737548828,hybrid_amr_i10_m1e-06_m11
10,0.012258768081665039,hybrid_amr_i10_m1e-06_m11
10,0.015462875366210938,hybrid_amr_i10_m1e-06_m11
10,0.010483264923095703,hybrid_amr_i10_m1e-06_m11
10,0.013634443283081055,hybrid_amr_i10_m1e-06_m11
10,0.019555091857910156,hybrid_amr_i10_m1e-06_m11
10,0.013853311538696289,hybrid_amr_i10_m1e-06_m11
10,0.017174482345581055,hybrid_amr_i10_m1e-06_m11
10,0.01501917839050293,hybrid_amr_i10_m1e-06_m11
10,0.010825634002685547,hybrid_amr_i10_m1e-06_m11
10,0.010015726089477539,hybrid_amr_i10_m1e-06_m11
10,0.014971733093261719,hybrid_amr_i10_m1e-06_m11
10,0.010268211364746094,hybrid_amr_i10_m1e-06_m11
10,0.012562751770019531,hybrid_amr_i10_m1e-06_m11
10,0.012650489807128906,hybrid_amr_i10_m1e-06_m11
10,0.011018514633178711,hybrid_amr_i10_m1e-06_m11
10,0.013744354248046875,hybrid_amr_i10_m1e-06_m11
10,0.013030767440795898,hybrid_amr_i10_m1e-06_m11
10,0.010979890823364258,hybrid_amr_i10_m1e-06_m11
10,0.012817859649658203,hybrid_amr_i10_m1e-06_m11
10,0.015017509460449219,hybrid_amr_i10_m1e-06_m11
10,0.009735107421875,hybrid_amr_i10_m1e-06_m11
10,0.01032567024230957,hybrid_amr_i10_m1e-06_m11
10,0.011126041412353516,hybrid_amr_i10_m1e-06_m11
10,0.015285968780517578,hybrid_amr_i10_m1e-06_m11
10,0.012725353240966797,hybrid_amr_i10_m1e-06_m11
10,0.015192508697509766,hybrid_amr_i10_m1e-06_m11
10,0.008889198303222656,hybrid_amr_i10_m1e-06_m11
10,0.011690139770507812,hybrid_amr_i10_m1e-06_m11
10,0.012177467346191406,hybrid_amr_i10_m1e-06_m11
10,0.011893749237060547,hybrid_amr_i10_m1e-06_m11
10,0.017011165618896484,hybrid_amr_i10_m1e-06_m11
10,0.01068115234375,hybrid_amr_i10_m1e-06_m11
10,0.010136127471923828,hybrid_amr_i10_m1e-06_m11
10,0.01135873794555664,hybrid_amr_i10_m1e-06_m11
10,0.015748262405395508,hybrid_amr_i10_m1e-06_m11
10,0.013358592987060547,hybrid_amr_i10_m1e-06_m11
10,0.014115095138549805,hybrid_amr_i10_m1e-06_m11
10,0.01653003692626953,hybrid_amr_i10_m1e-06_m11
10,0.01533365249633789,hybrid_amr_i10_m1e-06_m11
10,0.011841058731079102,hybrid_amr_i10_m1e-06_m11
10,0.020983457565307617,hybrid_amr_i10_m1e-06_m11
10,0.012856006622314453,hybrid_amr_i10_m1e-06_m11
10,0.018116235733032227,hybrid_amr_i10_m1e-06_m11
10,0.0124664306640625,hybrid_amr_i10_m1e-06_m11
10,0.008273601531982422,hybrid_amr_i10_m1e-06_m11
10,0.00990915298461914,hybrid_amr_i10_m1e-06_m11
10,0.017565011978149414,hybrid_amr_i10_m1e-06_m11
10,0.013730525970458984,hybrid_amr_i10_m1e-06_m11
10,0.01562952995300293,hybrid_amr_i10_m1e-06_m11
10,0.014251947402954102,hybrid_amr_i10_m1e-06_m11
10,0.010036468505859375,hybrid_amr_i10_m1e-06_m11
10,0.011385679244995117,hybrid_amr_i10_m1e-06_m11
10,0.012766599655151367,hybrid_amr_i10_m1e-06_m11
10,0.013659477233886719,hybrid_amr_i10_m1e-06_m11
10,0.008929729461669922,hybrid_amr_i10_m1e-06_m11
10,0.010532379150390625,hybrid_amr_i10_m1e-06_m11
50,0.021169424057006836,hybrid_amr_i10_m1e-06_m11
50,0.024210691452026367,hybrid_amr_i10_m1e-06_m11
50,0.01656174659729004,hybrid_amr_i10_m1e-06_m11
50,0.018121957778930664,hybrid_amr_i10_m1e-06_m11
50,0.0226438045501709,hybrid_amr_i10_m1e-06_m11
50,0.011458396911621094,hybrid_amr_i10_m1e-06_m11
50,0.016947507858276367,hybrid_amr_i10_m1e-06_m11
50,0.01104593276977539,hybrid_amr_i10_m1e-06_m11
50,0.017670869827270508,hybrid_amr_i10_m1e-06_m11
50,0.01627039909362793,hybrid_amr_i10_m1e-06_m11
50,0.02055835723876953,hybrid_amr_i10_m1e-06_m11
50,0.01900649070739746,hybrid_amr_i10_m1e-06_m11
50,0.018521785736083984,hybrid_amr_i10_m1e-06_m11
50,0.0254061222076416,hybrid_amr_i10_m1e-06_m11
50,0.01345205307006836,hybrid_amr_i10_m1e-06_m11
50,0.017557382583618164,hybrid_amr_i10_m1e-06_m11
50,0.01375436782836914,hybrid_amr_i10_m1e-06_m11
50,0.01911473274230957,hybrid_amr_i10_m1e-06_m11
50,0.016806602478027344,hybrid_amr_i10_m1e-06_m11
50,0.015584468841552734,hybrid_amr_i10_m1e-06_m11
50,0.018117427825927734,hybrid_amr_i10_m1e-06_m11
50,0.01961994171142578,hybrid_amr_i10_m1e-06_m11
50,0.02823042869567871,hybrid_amr_i10_m1e-06_m11
50,0.019051313400268555,hybrid_amr_i10_m1e-06_m11
50,0.01596689224243164,hybrid_amr_i10_m1e-06_m11
50,0.018668651580810547,hybrid_amr_i10_m1e-06_m11
50,0.02801513671875,hybrid_amr_i10_m1e-06_m11
50,0.019330501556396484,hybrid_amr_i10_m1e-06_m11
50,0.01712179183959961,hybrid_amr_i10_m1e-06_m11
50,0.018199682235717773,hybrid_amr_i10_m1e-06_m11
50,0.01874065399169922,hybrid_amr_i10_m1e-06_m11
50,0.02012348175048828,hybrid_amr_i10_m1e-06_m11
50,0.027805566787719727,hybrid_amr_i10_m1e-06_m11
50,0.021180391311645508,hybrid_amr_i10_m1e-06_m11
50,0.02144932746887207,hybrid_amr_i10_m1e-06_m11
50,0.017560720443725586,hybrid_amr_i10_m1e-06_m11
50,0.01683950424194336,hybrid_amr_i10_m1e-06_m11
50,0.017728805541992188,hybrid_amr_i10_m1e-06_m11
50,0.017310380935668945,hybrid_amr_i10_m1e-06_m11
50,0.01813197135925293,hybrid_amr_i10_m1e-06_m11
50,0.020045757293701172,hybrid_amr_i10_m1e-06_m11
50,0.019395828247070312,hybrid_amr_i10_m1e-06_m11
50,0.01896500587463379,hybrid_amr_i10_m1e-06_m11
50,0.023062944412231445,hybrid_amr_i10_m1e-06_m11
50,0.01559591293334961,hybrid_amr_i10_m1e-06_m11
50,0.014230489730834961,hybrid_amr_i10_m1e-06_m11
50,0.022066593170166016,hybrid_amr_i10_m1e-06_m11
50,0.01726245880126953,hybrid_amr_i10_m1e-06_m11
50,0.017116546630859375,hybrid_amr_i10_m1e-06_m11
50,0.015436410903930664,hybrid_amr_i10_m1e-06_m11
50,0.023769855499267578,hybrid_amr_i10_m1e-06_m11
50,0.017856597900390625,hybrid_amr_i10_m1e-06_m11
50,0.017632007598876953,hybrid_amr_i10_m1e-06_m11
50,0.016414165496826172,hybrid_amr_i10_m1e-06_m11
50,0.018410444259643555,hybrid_amr_i10_m1e-06_m11
50,0.018872737884521484,hybrid_amr_i10_m1e-06_m11
50,0.02451181411743164,hybrid_amr_i10_m1e-06_m11
50,0.011629343032836914,hybrid_amr_i10_m1e-06_m11
50,0.026917695999145508,hybrid_amr_i10_m1e-06_m11
50,0.014148712158203125,hybrid_amr_i10_m1e-06_m11
50,0.01763129234313965,hybrid_amr_i10_m1e-06_m11
50,0.018283367156982422,hybrid_amr_i10_m1e-06_m11
50,0.016338825225830078,hybrid_amr_i10_m1e-06_m11
50,0.02272629737854004,hybrid_amr_i10_m1e-06_m11
50,0.01974344253540039,hybrid_amr_i10_m1e-06_m11
50,0.020653247833251953,hybrid_amr_i10_m1e-06_m11
50,0.021854877471923828,hybrid_amr_i10_m1e-06_m11
50,0.012560367584228516,hybrid_amr_i10_m1e-06_m11
50,0.021220922470092773,hybrid_amr_i10_m1e-06_m11
50,0.016349077224731445,hybrid_amr_i10_m1e-06_m11
50,0.024057626724243164,hybrid_amr_i10_m1e-06_m11
50,0.021219491958618164,hybrid_amr_i10_m1e-06_m11
50,0.028751611709594727,hybrid_amr_i10_m1e-06_m11
50,0.023246049880981445,hybrid_amr_i10_m1e-06_m11
50,0.022638320922851562,hybrid_amr_i10_m1e-06_m11
50,0.016565561294555664,hybrid_amr_i10_m1e-06_m11
50,0.013707876205444336,hybrid_amr_i10_m1e-06_m11
50,0.01987457275390625,hybrid_amr_i10_m1e-06_m11
50,0.021811485290527344,hybrid_amr_i10_m1e-06_m11
50,0.02029132843017578,hybrid_amr_i10_m1e-06_m11
50,0.015845537185668945,hybrid_amr_i10_m1e-06_m11
50,0.012079477310180664,hybrid_amr_i10_m1e-06_m11
50,0.02028679847717285,hybrid_amr_i10_m1e-06_m11
50,0.02039647102355957,hybrid_amr_i10_m1e-06_m11
50,0.018246173858642578,hybrid_amr_i10_m1e-06_m11
50,0.017788171768188477,hybrid_amr_i10_m1e-06_m11
50,0.0220184326171875,hybrid_amr_i10_m1e-06_m11
50,0.017088651657104492,hybrid_amr_i10_m1e-06_m11
50,0.020076274871826172,hybrid_amr_i10_m1e-06_m11
50,0.021485328674316406,hybrid_amr_i10_m1e-06_m11
50,0.020929336547851562,hybrid_amr_i10_m1e-06_m11
50,0.014425992965698242,hybrid_amr_i10_m1e-06_m11
50,0.01413583755493164,hybrid_amr_i10_m1e-06_m11
50,0.021494388580322266,hybrid_amr_i10_m1e-06_m11
50,0.01720285415649414,hybrid_amr_i10_m1e-06_m11
50,0.019710063934326172,hybrid_amr_i10_m1e-06_m11
50,0.024450063705444336,hybrid_amr_i10_m1e-06_m11
50,0.017216205596923828,hybrid_amr_i10_m1e-06_m11
50,0.014848709106445312,hybrid_amr_i10_m1e-06_m11
50,0.014265775680541992,hybrid_amr_i10_m1e-06_m11
100,0.01503753662109375,hybrid_amr_i10_m1e-06_m11
100,0.021919727325439453,hybrid_amr_i10_m1e-06_m11
100,0.033702850341796875,hybrid_amr_i10_m1e-06_m11
100,0.020106792449951172,hybrid_amr_i10_m1e-06_m11
100,0.021793365478515625,hybrid_amr_i10_m1e-06_m11
100,0.03153371810913086,hybrid_amr_i10_m1e-06_m11
100,0.0216522216796875,hybrid_amr_i10_m1e-06_m11
100,0.020056724548339844,hybrid_amr_i10_m1e-06_m11
100,0.02260589599609375,hybrid_amr_i10_m1e-06_m11
100,0.02653980255126953,hybrid_amr_i10_m1e-06_m11
100,0.02295541763305664,hybrid_amr_i10_m1e-06_m11
100,0.03415369987487793,hybrid_amr_i10_m1e-06_m11
100,0.019979476928710938,hybrid_amr_i10_m1e-06_m11
100,0.031383514404296875,hybrid_amr_i10_m1e-06_m11
100,0.027091264724731445,hybrid_amr_i10_m1e-06_m11
100,0.030497074127197266,hybrid_amr_i10_m1e-06_m11
100,0.028631925582885742,hybrid_amr_i10_m1e-06_m11
100,0.026027202606201172,hybrid_amr_i10_m1e-06_m11
100,0.021097660064697266,hybrid_amr_i10_m1e-06_m11
100,0.018960237503051758,hybrid_amr_i10_m1e-06_m11
100,0.024358749389648438,hybrid_amr_i10_m1e-06_m11
100,0.025604724884033203,hybrid_amr_i10_m1e-06_m11
100,0.026917695999145508,hybrid_amr_i10_m1e-06_m11
100,0.027407407760620117,hybrid_amr_i10_m1e-06_m11
100,0.024918794631958008,hybrid_amr_i10_m1e-06_m11
100,0.028795719146728516,hybrid_amr_i10_m1e-06_m11
100,0.021286725997924805,hybrid_amr_i10_m1e-06_m11
100,0.023760318756103516,hybrid_amr_i10_m1e-06_m11
100,0.02188849449157715,hybrid_amr_i10_m1e-06_m11
100,0.0180056095123291,hybrid_amr_i10_m1e-06_m11
100,0.0200955867767334,hybrid_amr_i10_m1e-06_m11
100,0.03821229934692383,hybrid_amr_i10_m1e-06_m11
100,0.03276419639587402,hybrid_amr_i10_m1e-06_m11
100,0.022238969802856445,hybrid_amr_i10_m1e-06_m11
100,0.02218341827392578,hybrid_amr_i10_m1e-06_m11
100,0.02293539047241211,hybrid_amr_i10_m1e-06_m11
100,0.021407604217529297,hybrid_amr_i10_m1e-06_m11
100,0.019863605499267578,hybrid_amr_i10_m1e-06_m11
100,0.021730422973632812,hybrid_amr_i10_m1e-06_m11
100,0.025863170623779297,hybrid_amr_i10_m1e-06_m11
100,0.023113727569580078,hybrid_amr_i10_m1e-06_m11
100,0.019628286361694336,hybrid_amr_i10_m1e-06_m11
100,0.023607254028320312,hybrid_amr_i10_m1e-06_m11
100,0.026840686798095703,hybrid_amr_i10_m1e-06_m11
100,0.020906686782836914,hybrid_amr_i10_m1e-06_m11
100,0.023308753967285156,hybrid_amr_i10_m1e-06_m11
100,0.02477741241455078,hybrid_amr_i10_m1e-06_m11
100,0.026428699493408203,hybrid_amr_i10_m1e-06_m11
100,0.031287193298339844,hybrid_amr_i10_m1e-06_m11
100,0.02333688735961914,hybrid_amr_i10_m1e-06_m11
100,0.018970251083374023,hybrid_amr_i10_m1e-06_m11
100,0.02034449577331543,hybrid_amr_i10_m1e-06_m11
100,0.022225379943847656,hybrid_amr_i10_m1e-06_m11
100,0.022110462188720703,hybrid_amr_i10_m1e-06_m11
100,0.035535335540771484,hybrid_amr_i10_m1e-06_m11
100,0.028072834014892578,hybrid_amr_i10_m1e-06_m11
100,0.017153501510620117,hybrid_amr_i10_m1e-06_m11
100,0.027398109436035156,hybrid_amr_i10_m1e-06_m11
100,0.033091068267822266,hybrid_amr_i10_m1e-06_m11
100,0.01963496208190918,hybrid_amr_i10_m1e-06_m11
100,0.02416682243347168,hybrid_amr_i10_m1e-06_m11
100,0.02588057518005371,hybrid_amr_i10_m1e-06_m11
100,0.02114272117614746,hybrid_amr_i10_m1e-06_m11
100,0.022377490997314453,hybrid_amr_i10_m1e-06_m11
100,0.016417503356933594,hybrid_amr_i10_m1e-06_m11
100,0.02084803581237793,hybrid_amr_i10_m1e-06_m11
100,0.025445938110351562,hybrid_amr_i10_m1e-06_m11
100,0.02104020118713379,hybrid_amr_i10_m1e-06_m11
100,0.026309728622436523,hybrid_amr_i10_m1e-06_m11
100,0.021066904067993164,hybrid_amr_i10_m1e-06_m11
100,0.025938749313354492,hybrid_amr_i10_m1e-06_m11
100,0.03303647041320801,hybrid_amr_i10_m1e-06_m11
100,0.025070667266845703,hybrid_amr_i10_m1e-06_m11
100,0.017111778259277344,hybrid_amr_i10_m1e-06_m11
100,0.018428802490234375,hybrid_amr_i10_m1e-06_m11
100,0.03282618522644043,hybrid_amr_i10_m1e-06_m11
100,0.020790576934814453,hybrid_amr_i10_m1e-06_m11
100,0.021517038345336914,hybrid_amr_i10_m1e-06_m11
100,0.03304123878479004,hybrid_amr_i10_m1e-06_m11
100,0.023761749267578125,hybrid_amr_i10_m1e-06_m11
100,0.017296791076660156,hybrid_amr_i10_m1e-06_m11
100,0.019636154174804688,hybrid_amr_i10_m1e-06_m11
100,0.014623880386352539,hybrid_amr_i10_m1e-06_m11
100,0.017946720123291016,hybrid_amr_i10_m1e-06_m11
100,0.02896428108215332,hybrid_amr_i10_m1e-06_m11
100,0.018912553787231445,hybrid_amr_i10_m1e-06_m11
100,0.03003525733947754,hybrid_amr_i10_m1e-06_m11
100,0.018965482711791992,hybrid_amr_i10_m1e-06_m11
100,0.02335214614868164,hybrid_amr_i10_m1e-06_m11
100,0.029236793518066406,hybrid_amr_i10_m1e-06_m11
100,0.016760826110839844,hybrid_amr_i10_m1e-06_m11
100,0.018351078033447266,hybrid_amr_i10_m1e-06_m11
100,0.019253253936767578,hybrid_amr_i10_m1e-06_m11
100,0.017248153686523438,hybrid_amr_i10_m1e-06_m11
100,0.017870426177978516,hybrid_amr_i10_m1e-06_m11
100,0.021672964096069336,hybrid_amr_i10_m1e-06_m11
100,0.021952390670776367,hybrid_amr_i10_m1e-06_m11
100,0.023486852645874023,hybrid_amr_i10_m1e-06_m11
100,0.021968603134155273,hybrid_amr_i10_m1e-06_m11
100,0.02219390869140625,hybrid_amr_i10_m1e-06_m11
500,0.02676844596862793,hybrid_amr_i10_m1e-06_m11
500,0.02931046485900879,hybrid_amr_i10_m1e-06_m11
500,0.036995649337768555,hybrid_amr_i10_m1e-06_m11
500,0.026876211166381836,hybrid_amr_i10_m1e-06_m11
500,0.03363966941833496,hybrid_amr_i10_m1e-06_m11
500,0.031986236572265625,hybrid_amr_i10_m1e-06_m11
500,0.06484556198120117,hybrid_amr_i10_m1e-06_m11
500,0.04187464714050293,hybrid_amr_i10_m1e-06_m11
500,0.06769824028015137,hybrid_amr_i10_m1e-06_m11
500,0.030476093292236328,hybrid_amr_i10_m1e-06_m11
500,0.028962373733520508,hybrid_amr_i10_m1e-06_m11
500,0.02427816390991211,hybrid_amr_i10_m1e-06_m11
500,0.02705693244934082,hybrid_amr_i10_m1e-06_m11
500,0.05955219268798828,hybrid_amr_i10_m1e-06_m11
500,0.003192901611328125,hybrid_amr_i10_m1e-06_m11
500,0.034232378005981445,hybrid_amr_i10_m1e-06_m11
500,0.028519392013549805,hybrid_amr_i10_m1e-06_m11
500,0.02515864372253418,hybrid_amr_i10_m1e-06_m11
500,0.031215190887451172,hybrid_amr_i10_m1e-06_m11
500,0.04818367958068848,hybrid_amr_i10_m1e-06_m11
500,0.054178714752197266,hybrid_amr_i10_m1e-06_m11
500,0.03749513626098633,hybrid_amr_i10_m1e-06_m11
500,0.029766321182250977,hybrid_amr_i10_m1e-06_m11
500,0.026282548904418945,hybrid_amr_i10_m1e-06_m11
500,0.0508265495300293,hybrid_amr_i10_m1e-06_m11
500,0.04261898994445801,hybrid_amr_i10_m1e-06_m11
500,0.04262685775756836,hybrid_amr_i10_m1e-06_m11
500,0.05629897117614746,hybrid_amr_i10_m1e-06_m11
500,0.028810501098632812,hybrid_amr_i10_m1e-06_m11
500,0.0010480880737304688,hybrid_amr_i10_m1e-06_m11
500,0.03906846046447754,hybrid_amr_i10_m1e-06_m11
500,0.0020751953125,hybrid_amr_i10_m1e-06_m11
500,0.002031564712524414,hybrid_amr_i10_m1e-06_m11
500,0.030287981033325195,hybrid_amr_i10_m1e-06_m11
500,0.05493426322937012,hybrid_amr_i10_m1e-06_m11
500,0.04831433296203613,hybrid_amr_i10_m1e-06_m11
500,0.03360795974731445,hybrid_amr_i10_m1e-06_m11
500,0.001604318618774414,hybrid_amr_i10_m1e-06_m11
500,0.0246584415435791,hybrid_amr_i10_m1e-06_m11
500,0.04189944267272949,hybrid_amr_i10_m1e-06_m11
500,0.02585005760192871,hybrid_amr_i10_m1e-06_m11
500,0.040309906005859375,hybrid_amr_i10_m1e-06_m11
500,0.05872511863708496,hybrid_amr_i10_m1e-06_m11
500,0.030852079391479492,hybrid_amr_i10_m1e-06_m11
500,0.029385089874267578,hybrid_amr_i10_m1e-06_m11
500,0.03490042686462402,hybrid_amr_i10_m1e-06_m11
500,0.03957939147949219,hybrid_amr_i10_m1e-06_m11
500,0.03529548645019531,hybrid_amr_i10_m1e-06_m11
500,0.03278350830078125,hybrid_amr_i10_m1e-06_m11
500,0.043453216552734375,hybrid_amr_i10_m1e-06_m11
500,0.029757022857666016,hybrid_amr_i10_m1e-06_m11
500,0.039244890213012695,hybrid_amr_i10_m1e-06_m11
500,0.03128314018249512,hybrid_amr_i10_m1e-06_m11
500,0.04552435874938965,hybrid_amr_i10_m1e-06_m11
500,0.02902364730834961,hybrid_amr_i10_m1e-06_m11
500,0.02713155746459961,hybrid_amr_i10_m1e-06_m11
500,0.04164886474609375,hybrid_amr_i10_m1e-06_m11
500,0.0330045223236084,hybrid_amr_i10_m1e-06_m11
500,0.03167533874511719,hybrid_amr_i10_m1e-06_m11
500,0.03107166290283203,hybrid_amr_i10_m1e-06_m11
500,0.027660608291625977,hybrid_amr_i10_m1e-06_m11
500,0.030475616455078125,hybrid_amr_i10_m1e-06_m11
500,0.06306862831115723,hybrid_amr_i10_m1e-06_m11
500,0.030103683471679688,hybrid_amr_i10_m1e-06_m11
500,0.04468345642089844,hybrid_amr_i10_m1e-06_m11
500,0.0021810531616210938,hybrid_amr_i10_m1e-06_m11
500,0.028935670852661133,hybrid_amr_i10_m1e-06_m11
500,0.0371248722076416,hybrid_amr_i10_m1e-06_m11
500,0.001024007797241211,hybrid_amr_i10_m1e-06_m11
500,0.044074296951293945,hybrid_amr_i10_m1e-06_m11
500,0.03695368766784668,hybrid_amr_i10_m1e-06_m11
500,0.059914588928222656,hybrid_amr_i10_m1e-06_m11
500,0.002183198928833008,hybrid_amr_i10_m1e-06_m11
500,0.002076864242553711,hybrid_amr_i10_m1e-06_m11
500,0.03687262535095215,hybrid_amr_i10_m1e-06_m11
500,0.035411834716796875,hybrid_amr_i10_m1e-06_m11
500,0.03509187698364258,hybrid_amr_i10_m1e-06_m11
500,0.03548908233642578,hybrid_amr_i10_m1e-06_m11
500,0.040332794189453125,hybrid_amr_i10_m1e-06_m11
500,0.025655508041381836,hybrid_amr_i10_m1e-06_m11
500,0.04366135597229004,hybrid_amr_i10_m1e-06_m11
500,0.06427931785583496,hybrid_amr_i10_m1e-06_m11
500,0.03409886360168457,hybrid_amr_i10_m1e-06_m11
500,0.03441643714904785,hybrid_amr_i10_m1e-06_m11
500,0.04109811782836914,hybrid_amr_i10_m1e-06_m11
500,0.04318857192993164,hybrid_amr_i10_m1e-06_m11
500,0.04201388359069824,hybrid_amr_i10_m1e-06_m11
500,0.03513193130493164,hybrid_amr_i10_m1e-06_m11
500,0.04005241394042969,hybrid_amr_i10_m1e-06_m11
500,0.03556346893310547,hybrid_amr_i10_m1e-06_m11
500,0.07679247856140137,hybrid_amr_i10_m1e-06_m11
500,0.06276726722717285,hybrid_amr_i10_m1e-06_m11
500,0.02860546112060547,hybrid_amr_i10_m1e-06_m11
500,0.027248382568359375,hybrid_amr_i10_m1e-06_m11
500,0.04720640182495117,hybrid_amr_i10_m1e-06_m11
500,0.03264284133911133,hybrid_amr_i10_m1e-06_m11
500,0.031711578369140625,hybrid_amr_i10_m1e-06_m11
500,0.02802586555480957,hybrid_amr_i10_m1e-06_m11
500,0.04100489616394043,hybrid_amr_i10_m1e-06_m11
500,0.03264737129211426,hybrid_amr_i10_m1e-06_m11
1000,0.006380796432495117,hybrid_amr_i10_m1e-06_m11
1000,0.0433194637298584,hybrid_amr_i10_m1e-06_m11
1000,0.002776622772216797,hybrid_amr_i10_m1e-06_m11
1000,0.04075884819030762,hybrid_amr_i10_m1e-06_m11
1000,0.04497385025024414,hybrid_amr_i10_m1e-06_m11
1000,0.04663848876953125,hybrid_amr_i10_m1e-06_m11
1000,0.004239320755004883,hybrid_amr_i10_m1e-06_m11
1000,0.0035257339477539062,hybrid_amr_i10_m1e-06_m11
1000,0.0027151107788085938,hybrid_amr_i10_m1e-06_m11
1000,0.0026865005493164062,hybrid_amr_i10_m1e-06_m11
1000,0.04272198677062988,hybrid_amr_i10_m1e-06_m11
1000,0.0057337284088134766,hybrid_amr_i10_m1e-06_m11
1000,0.03551626205444336,hybrid_amr_i10_m1e-06_m11
1000,0.005936384201049805,hybrid_amr_i10_m1e-06_m11
1000,0.00599217414855957,hybrid_amr_i10_m1e-06_m11
1000,0.03948163986206055,hybrid_amr_i10_m1e-06_m11
1000,0.038448333740234375,hybrid_amr_i10_m1e-06_m11
1000,0.0027649402618408203,hybrid_amr_i10_m1e-06_m11
1000,0.040529727935791016,hybrid_amr_i10_m1e-06_m11
1000,0.027999401092529297,hybrid_amr_i10_m1e-06_m11
1000,0.005783796310424805,hybrid_amr_i10_m1e-06_m11
1000,0.04251718521118164,hybrid_amr_i10_m1e-06_m11
1000,0.004790782928466797,hybrid_amr_i10_m1e-06_m11
1000,0.032251596450805664,hybrid_amr_i10_m1e-06_m11
1000,0.04104804992675781,hybrid_amr_i10_m1e-06_m11
1000,0.005989789962768555,hybrid_amr_i10_m1e-06_m11
1000,0.032378196716308594,hybrid_amr_i10_m1e-06_m11
1000,0.0370023250579834,hybrid_amr_i10_m1e-06_m11
1000,0.0030422210693359375,hybrid_amr_i10_m1e-06_m11
1000,0.0028154850006103516,hybrid_amr_i10_m1e-06_m11
1000,0.03968000411987305,hybrid_amr_i10_m1e-06_m11
1000,0.043297529220581055,hybrid_amr_i10_m1e-06_m11
1000,0.030635356903076172,hybrid_amr_i10_m1e-06_m11
1000,0.04410433769226074,hybrid_amr_i10_m1e-06_m11
1000,0.005476474761962891,hybrid_amr_i10_m1e-06_m11
1000,0.04771137237548828,hybrid_amr_i10_m1e-06_m11
1000,0.0027670860290527344,hybrid_amr_i10_m1e-06_m11
1000,0.051753997802734375,hybrid_amr_i10_m1e-06_m11
1000,0.04899311065673828,hybrid_amr_i10_m1e-06_m11
1000,0.03521442413330078,hybrid_amr_i10_m1e-06_m11
1000,0.006305217742919922,hybrid_amr_i10_m1e-06_m11
1000,0.036448001861572266,hybrid_amr_i10_m1e-06_m11
1000,0.03967022895812988,hybrid_amr_i10_m1e-06_m11
1000,0.003877878189086914,hybrid_amr_i10_m1e-06_m11
1000,0.0046880245208740234,hybrid_amr_i10_m1e-06_m11
1000,0.04029440879821777,hybrid_amr_i10_m1e-06_m11
1000,0.03609347343444824,hybrid_amr_i10_m1e-06_m11
1000,0.037747859954833984,hybrid_amr_i10_m1e-06_m11
1000,0.04036092758178711,hybrid_amr_i10_m1e-06_m11
1000,0.02952718734741211,hybrid_amr_i10_m1e-06_m11
1000,0.006023883819580078,hybrid_amr_i10_m1e-06_m11
1000,0.005795717239379883,hybrid_amr_i10_m1e-06_m11
1000,0.04146456718444824,hybrid_amr_i10_m1e-06_m11
1000,0.002720355987548828,hybrid_amr_i10_m1e-06_m11
1000,0.002664804458618164,hybrid_amr_i10_m1e-06_m11
1000,0.0026361942291259766,hybrid_amr_i10_m1e-06_m11
1000,0.0028836727142333984,hybrid_amr_i10_m1e-06_m11
1000,0.040100812911987305,hybrid_amr_i10_m1e-06_m11
1000,0.006114959716796875,hybrid_amr_i10_m1e-06_m11
1000,0.003195047378540039,hybrid_amr_i10_m1e-06_m11
1000,0.03636789321899414,hybrid_amr_i10_m1e-06_m11
1000,0.027027368545532227,hybrid_amr_i10_m1e-06_m11
1000,0.005507469177246094,hybrid_amr_i10_m1e-06_m11
1000,0.04109835624694824,hybrid_amr_i10_m1e-06_m11
1000,0.035125732421875,hybrid_amr_i10_m1e-06_m11
1000,0.04274582862854004,hybrid_amr_i10_m1e-06_m11
1000,0.0029735565185546875,hybrid_amr_i10_m1e-06_m11
1000,0.0026710033416748047,hybrid_amr_i10_m1e-06_m11
1000,0.0026137828826904297,hybrid_amr_i10_m1e-06_m11
1000,0.03357887268066406,hybrid_amr_i10_m1e-06_m11
1000,0.005555629730224609,hybrid_amr_i10_m1e-06_m11
1000,0.03917694091796875,hybrid_amr_i10_m1e-06_m11
1000,0.00618743896484375,hybrid_amr_i10_m1e-06_m11
1000,0.004650115966796875,hybrid_amr_i10_m1e-06_m11
1000,0.0039365291595458984,hybrid_amr_i10_m1e-06_m11
1000,0.004065990447998047,hybrid_amr_i10_m1e-06_m11
1000,0.004591464996337891,hybrid_amr_i10_m1e-06_m11
1000,0.004060268402099609,hybrid_amr_i10_m1e-06_m11
1000,0.041432857513427734,hybrid_amr_i10_m1e-06_m11
1000,0.006000518798828125,hybrid_amr_i10_m1e-06_m11
1000,0.005251884460449219,hybrid_amr_i10_m1e-06_m11
1000,0.004708766937255859,hybrid_amr_i10_m1e-06_m11
1000,0.04111170768737793,hybrid_amr_i10_m1e-06_m11
1000,0.005872011184692383,hybrid_amr_i10_m1e-06_m11
1000,0.042234182357788086,hybrid_amr_i10_m1e-06_m11
1000,0.04436898231506348,hybrid_amr_i10_m1e-06_m11
1000,0.0027496814727783203,hybrid_amr_i10_m1e-06_m11
1000,0.035865068435668945,hybrid_amr_i10_m1e-06_m11
1000,0.039808034896850586,hybrid_amr_i10_m1e-06_m11
1000,0.0027773380279541016,hybrid_amr_i10_m1e-06_m11
1000,0.033071279525756836,hybrid_amr_i10_m1e-06_m11
1000,0.0029735565185546875,hybrid_amr_i10_m1e-06_m11
1000,0.04027056694030762,hybrid_amr_i10_m1e-06_m11
1000,0.0059587955474853516,hybrid_amr_i10_m1e-06_m11
1000,0.04562735557556152,hybrid_amr_i10_m1e-06_m11
1000,0.0034704208374023438,hybrid_amr_i10_m1e-06_m11
1000,0.03534340858459473,hybrid_amr_i10_m1e-06_m11
1000,0.03546953201293945,hybrid_amr_i10_m1e-06_m11
1000,0.047516822814941406,hybrid_amr_i10_m1e-06_m11
1000,0.002702474594116211,hybrid_amr_i10_m1e-06_m11
10,0.5493552684783936,monte_carlo_cuda_n1000000
10,0.20609617233276367,monte_carlo_cuda_n1000000
10,0.20615744590759277,monte_carlo_cuda_n1000000
10,0.20715951919555664,monte_carlo_cuda_n1000000
10,0.2045447826385498,monte_carlo_cuda_n1000000
10,0.1985156536102295,monte_carlo_cuda_n1000000
10,0.19817829132080078,monte_carlo_cuda_n1000000
10,0.19807147979736328,monte_carlo_cuda_n1000000
10,0.19763517379760742,monte_carlo_cuda_n1000000
10,0.19808387756347656,monte_carlo_cuda_n1000000
10,0.19843697547912598,monte_carlo_cuda_n1000000
10,0.19764494895935059,monte_carlo_cuda_n1000000
10,0.19797277450561523,monte_carlo_cuda_n1000000
10,0.1979048252105713,monte_carlo_cuda_n1000000
10,0.1978452205657959,monte_carlo_cuda_n1000000
10,0.19860625267028809,monte_carlo_cuda_n1000000
10,0.19717955589294434,monte_carlo_cuda_n1000000
10,0.19800758361816406,monte_carlo_cuda_n1000000
10,0.19743132591247559,monte_carlo_cuda_n1000000
10,0.19741082191467285,monte_carlo_cuda_n1000000
10,0.19817686080932617,monte_carlo_cuda_n1000000
10,0.1974947452545166,monte_carlo_cuda_n1000000
10,0.19784021377563477,monte_carlo_cuda_n1000000
10,0.19860577583312988,monte_carlo_cuda_n1000000
10,0.19792389869689941,monte_carlo_cuda_n1000000
10,0.19841551780700684,monte_carlo_cuda_n1000000
10,0.1971895694732666,monte_carlo_cuda_n1000000
10,0.19766473770141602,monte_carlo_cuda_n1000000
10,0.19866609573364258,monte_carlo_cuda_n1000000
10,0.19779539108276367,monte_carlo_cuda_n1000000
10,0.19839715957641602,monte_carlo_cuda_n1000000
10,0.19875502586364746,monte_carlo_cuda_n1000000
10,0.19834685325622559,monte_carlo_cuda_n1000000
10,0.19800114631652832,monte_carlo_cuda_n1000000
10,0.19716286659240723,monte_carlo_cuda_n1000000
10,0.19800472259521484,monte_carlo_cuda_n1000000
10,0.1976180076599121,monte_carlo_cuda_n1000000
10,0.19753098487854004,monte_carlo_cuda_n1000000
10,0.19866347312927246,monte_carlo_cuda_n1000000
10,0.19798541069030762,monte_carlo_cuda_n1000000
10,0.19854235649108887,monte_carlo_cuda_n1000000
10,0.19800496101379395,monte_carlo_cuda_n1000000
10,0.19782376289367676,monte_carlo_cuda_n1000000
10,0.1982097625732422,monte_carlo_cuda_n1000000
10,0.1977388858795166,monte_carlo_cuda_n1000000
10,0.19871735572814941,monte_carlo_cuda_n1000000
10,0.19801568984985352,monte_carlo_cuda_n1000000
10,0.1972036361694336,monte_carlo_cuda_n1000000
10,0.1977250576019287,monte_carlo_cuda_n1000000
10,0.19707822799682617,monte_carlo_cuda_n1000000
10,0.19791769981384277,monte_carlo_cuda_n1000000
10,0.19803881645202637,monte_carlo_cuda_n1000000
10,0.20081353187561035,monte_carlo_cuda_n1000000
10,0.198899507522583,monte_carlo_cuda_n1000000
10,0.19765973091125488,monte_carlo_cuda_n1000000
10,0.19859790802001953,monte_carlo_cuda_n1000000
10,0.19792890548706055,monte_carlo_cuda_n1000000
10,0.19740080833435059,monte_carlo_cuda_n1000000
10,0.19824600219726562,monte_carlo_cuda_n1000000
10,0.197998046875,monte_carlo_cuda_n1000000
10,0.19816160202026367,monte_carlo_cuda_n1000000
10,0.19757843017578125,monte_carlo_cuda_n1000000
10,0.19742560386657715,monte_carlo_cuda_n1000000
10,0.1980891227722168,monte_carlo_cuda_n1000000
10,0.19715023040771484,monte_carlo_cuda_n1000000
10,0.19829773902893066,monte_carlo_cuda_n1000000
10,0.19895362854003906,monte_carlo_cuda_n1000000
10,0.19833827018737793,monte_carlo_cuda_n1000000
10,0.19908642768859863,monte_carlo_cuda_n1000000
10,0.1977519989013672,monte_carlo_cuda_n1000000
10,0.19740748405456543,monte_carlo_cuda_n1000000
10,0.1981186866760254,monte_carlo_cuda_n1000000
10,0.19747138023376465,monte_carlo_cuda_n1000000
10,0.19796299934387207,monte_carlo_cuda_n1000000
10,0.19742441177368164,monte_carlo_cuda_n1000000
10,0.19790863990783691,monte_carlo_cuda_n1000000
10,0.19838190078735352,monte_carlo_cuda_n1000000
10,0.1977550983428955,monte_carlo_cuda_n1000000
10,0.1986992359161377,monte_carlo_cuda_n1000000
10,0.19765377044677734,monte_carlo_cuda_n1000000
10,0.19794964790344238,monte_carlo_cuda_n1000000
10,0.19898200035095215,monte_carlo_cuda_n1000000
10,0.19750332832336426,monte_carlo_cuda_n1000000
10,0.1982405185699463,monte_carlo_cuda_n1000000
10,0.19794893264770508,monte_carlo_cuda_n1000000
10,0.19779205322265625,monte_carlo_cuda_n1000000
10,0.19835233688354492,monte_carlo_cuda_n1000000
10,0.1977388858795166,monte_carlo_cuda_n1000000
10,0.19843530654907227,monte_carlo_cuda_n1000000
10,0.19742631912231445,monte_carlo_cuda_n1000000
10,0.19733762741088867,monte_carlo_cuda_n1000000
10,0.19861531257629395,monte_carlo_cuda_n1000000
10,0.19840693473815918,monte_carlo_cuda_n1000000
10,0.1980593204498291,monte_carlo_cuda_n1000000
10,0.19746637344360352,monte_carlo_cuda_n1000000
10,0.19735360145568848,monte_carlo_cuda_n1000000
10,0.198350191116333,monte_carlo_cuda_n1000000
10,0.197509765625,monte_carlo_cuda_n1000000
10,0.19817662239074707,monte_carlo_cuda_n1000000
10,0.19762682914733887,monte_carlo_cuda_n1000000
50,0.20545315742492676,monte_carlo_cuda_n1000000
50,0.19983887672424316,monte_carlo_cuda_n1000000
50,0.20322895050048828,monte_carlo_cuda_n1000000
50,0.20844650268554688,monte_carlo_cuda_n1000000
50,0.2078566551208496,monte_carlo_cuda_n1000000
50,0.20879530906677246,monte_carlo_cuda_n1000000
50,0.2046194076538086,monte_carlo_cuda_n1000000
50,0.19993853569030762,monte_carlo_cuda_n1000000
50,0.20025372505187988,monte_carlo_cuda_n1000000
50,-0.42535400390625,monte_carlo_cuda_n1000000
50,0.19980812072753906,monte_carlo_cuda_n1000000
50,0.20093607902526855,monte_carlo_cuda_n1000000
50,0.19932293891906738,monte_carlo_cuda_n1000000
50,0.19969773292541504,monte_carlo_cuda_n1000000
50,0.19945788383483887,monte_carlo_cuda_n1000000
50,0.19985604286193848,monte_carlo_cuda_n1000000
50,0.2005603313446045,monte_carlo_cuda_n1000000
50,0.19919896125793457,monte_carlo_cuda_n1000000
50,0.20064043998718262,monte_carlo_cuda_n1000000
50,0.19923830032348633,monte_carlo_cuda_n1000000
50,0.1996455192565918,monte_carlo_cuda_n1000000
50,0.2002091407775879,monte_carlo_cuda_n1000000
50,0.19994759559631348,monte_carlo_cuda_n1000000
50,0.20051908493041992,monte_carlo_cuda_n1000000
50,0.2009716033935547,monte_carlo_cuda_n1000000
50,0.20020318031311035,monte_carlo_cuda_n1000000
50,0.2003641128540039,monte_carlo_cuda_n1000000
50,0.1995525360107422,monte_carlo_cuda_n1000000
50,0.20009493827819824,monte_carlo_cuda_n1000000
50,0.19949984550476074,monte_carlo_cuda_n1000000
50,0.1997838020324707,monte_carlo_cuda_n1000000
50,0.20084047317504883,monte_carlo_cuda_n1000000
50,0.19976282119750977,monte_carlo_cuda_n1000000
50,0.19999456405639648,monte_carlo_cuda_n1000000
50,0.1990964412689209,monte_carlo_cuda_n1000000
50,0.19912981986999512,monte_carlo_cuda_n1000000
50,0.19945764541625977,monte_carlo_cuda_n1000000
50,0.19895315170288086,monte_carlo_cuda_n1000000
50,0.20028996467590332,monte_carlo_cuda_n1000000
50,0.19924139976501465,monte_carlo_cuda_n1000000
50,0.1997215747833252,monte_carlo_cuda_n1000000
50,0.20074725151062012,monte_carlo_cuda_n1000000
50,0.19987726211547852,monte_carlo_cuda_n1000000
50,0.20058417320251465,monte_carlo_cuda_n1000000
50,0.19939589500427246,monte_carlo_cuda_n1000000
50,0.19993281364440918,monte_carlo_cuda_n1000000
50,0.20049595832824707,monte_carlo_cuda_n1000000
50,0.19947004318237305,monte_carlo_cuda_n1000000
50,0.19959545135498047,monte_carlo_cuda_n1000000
50,0.1992335319519043,monte_carlo_cuda_n1000000
50,0.1995840072631836,monte_carlo_cuda_n1000000
50,0.20072603225708008,monte_carlo_cuda_n1000000
50,0.19954562187194824,monte_carlo_cuda_n1000000
50,0.20011329650878906,monte_carlo_cuda_n1000000
50,0.19927215576171875,monte_carlo_cuda_n1000000
50,0.19996118545532227,monte_carlo_cuda_n1000000
50,0.20035338401794434,monte_carlo_cuda_n1000000
50,0.19959282875061035,monte_carlo_cuda_n1000000
50,0.20025897026062012,monte_carlo_cuda_n1000000
50,0.20003461837768555,monte_carlo_cuda_n1000000
50,0.1993107795715332,monte_carlo_cuda_n1000000
50,0.20022845268249512,monte_carlo_cuda_n1000000
50,0.19897127151489258,monte_carlo_cuda_n1000000
50,0.1994936466217041,monte_carlo_cuda_n1000000
50,0.20016074180603027,monte_carlo_cuda_n1000000
50,0.19968390464782715,monte_carlo_cuda_n1000000
50,0.1998274326324463,monte_carlo_cuda_n1000000
50,0.19982504844665527,monte_carlo_cuda_n1000000
50,0.20019173622131348,monte_carlo_cuda_n1000000
50,0.20087552070617676,monte_carlo_cuda_n1000000
50,0.19934892654418945,monte_carlo_cuda_n1000000
50,0.1996006965637207,monte_carlo_cuda_n1000000
50,0.19924688339233398,monte_carlo_cuda_n1000000
50,0.1999497413635254,monte_carlo_cuda_n1000000
50,0.19985246658325195,monte_carlo_cuda_n1000000
50,0.19897937774658203,monte_carlo_cuda_n1000000
50,0.19982695579528809,monte_carlo_cuda_n1000000
50,0.19984960556030273,monte_carlo_cuda_n1000000
50,0.19988226890563965,monte_carlo_cuda_n1000000
50,0.1994190216064453,monte_carlo_cuda_n1000000
50,0.19965004920959473,monte_carlo_cuda_n1000000
50,0.20029997825622559,monte_carlo_cuda_n1000000
50,0.19910287857055664,monte_carlo_cuda_n1000000
50,0.199432373046875,monte_carlo_cuda_n1000000
50,0.20082330703735352,monte_carlo_cuda_n1000000
50,0.20177006721496582,monte_carlo_cuda_n1000000
50,0.20163273811340332,monte_carlo_cuda_n1000000
50,0.20093607902526855,monte_carlo_cuda_n1000000
50,0.20226812362670898,monte_carlo_cuda_n1000000
50,0.20146822929382324,monte_carlo_cuda_n1000000
50,0.20136189460754395,monte_carlo_cuda_n1000000
50,0.2018907070159912,monte_carlo_cuda_n1000000
50,0.20093083381652832,monte_carlo_cuda_n1000000
50,0.20154309272766113,monte_carlo_cuda_n1000000
50,0.20116949081420898,monte_carlo_cuda_n1000000
50,0.2020576000213623,monte_carlo_cuda_n1000000
50,0.202193021774292,monte_carlo_cuda_n1000000
50,0.20153546333312988,monte_carlo_cuda_n1000000
50,0.2024075984954834,monte_carlo_cuda_n1000000
50,0.20373320579528809,monte_carlo_cuda_n1000000
100,0.21153998374938965,monte_carlo_cuda_n1000000
100,0.20537662506103516,monte_carlo_cuda_n1000000
100,0.2084639072418213,monte_carlo_cuda_n1000000
100,0.21265697479248047,monte_carlo_cuda_n1000000
100,0.21171784400939941,monte_carlo_cuda_n1000000
100,0.21051669120788574,monte_carlo_cuda_n1000000
100,0.20727109909057617,monte_carlo_cuda_n1000000
100,0.20420551300048828,monte_carlo_cuda_n1000000
100,0.20453119277954102,monte_carlo_cuda_n1000000
100,0.2043592929840088,monte_carlo_cuda_n1000000
100,0.20491528511047363,monte_carlo_cuda_n1000000
100,0.2043931484222412,monte_carlo_cuda_n1000000
100,0.20445537567138672,monte_carlo_cuda_n1000000
100,0.20537662506103516,monte_carlo_cuda_n1000000
100,0.20435762405395508,monte_carlo_cuda_n1000000
100,0.20440268516540527,monte_carlo_cuda_n1000000
100,0.2038414478302002,monte_carlo_cuda_n1000000
100,0.20424437522888184,monte_carlo_cuda_n1000000
100,0.20445466041564941,monte_carlo_cuda_n1000000
100,0.2039175033569336,monte_carlo_cuda_n1000000
100,0.2047438621520996,monte_carlo_cuda_n1000000
100,0.20387673377990723,monte_carlo_cuda_n1000000
100,0.20443415641784668,monte_carlo_cuda_n1000000
100,0.2080552577972412,monte_carlo_cuda_n1000000
100,0.21070361137390137,monte_carlo_cuda_n1000000
100,0.21184325218200684,monte_carlo_cuda_n1000000
100,0.2112421989440918,monte_carlo_cuda_n1000000
100,0.21160888671875,monte_carlo_cuda_n1000000
100,0.21691584587097168,monte_carlo_cuda_n1000000
100,0.22062206268310547,monte_carlo_cuda_n1000000
100,0.2212507724761963,monte_carlo_cuda_n1000000
100,0.22173833847045898,monte_carlo_cuda_n1000000
100,0.22058558464050293,monte_carlo_cuda_n1000000
100,0.22107172012329102,monte_carlo_cuda_n1000000
100,0.21209716796875,monte_carlo_cuda_n1000000
100,0.21119928359985352,monte_carlo_cuda_n1000000
100,0.21101856231689453,monte_carlo_cuda_n1000000
100,0.21215009689331055,monte_carlo_cuda_n1000000
100,0.21080517768859863,monte_carlo_cuda_n1000000
100,0.21108078956604004,monte_carlo_cuda_n1000000
100,0.2110908031463623,monte_carlo_cuda_n1000000
100,0.211104154586792,monte_carlo_cuda_n1000000
100,0.21187877655029297,monte_carlo_cuda_n1000000
100,0.21114110946655273,monte_carlo_cuda_n1000000
100,0.21097326278686523,monte_carlo_cuda_n1000000
100,0.2116861343383789,monte_carlo_cuda_n1000000
100,0.2106325626373291,monte_carlo_cuda_n1000000
100,0.21143269538879395,monte_carlo_cuda_n1000000
100,0.2107686996459961,monte_carlo_cuda_n1000000
100,0.21110916137695312,monte_carlo_cuda_n1000000
100,0.2119762897491455,monte_carlo_cuda_n1000000
100,0.21114730834960938,monte_carlo_cuda_n1000000
100,0.2121446132659912,monte_carlo_cuda_n1000000
100,0.21067166328430176,monte_carlo_cuda_n1000000
100,0.21112418174743652,monte_carlo_cuda_n1000000
100,0.21203255653381348,monte_carlo_cuda_n1000000
100,0.2113633155822754,monte_carlo_cuda_n1000000
100,0.2116074562072754,monte_carlo_cuda_n1000000
100,0.20236825942993164,monte_carlo_cuda_n1000000
100,0.2024698257446289,monte_carlo_cuda_n1000000
100,0.20216703414916992,monte_carlo_cuda_n1000000
100,0.20209741592407227,monte_carlo_cuda_n1000000
100,0.21246337890625,monte_carlo_cuda_n1000000
100,0.2122669219970703,monte_carlo_cuda_n1000000
100,0.21226119995117188,monte_carlo_cuda_n1000000
100,0.2129523754119873,monte_carlo_cuda_n1000000
100,0.2119743824005127,monte_carlo_cuda_n1000000
100,-0.23766422271728516,monte_carlo_cuda_n1000000
100,0.21210265159606934,monte_carlo_cuda_n1000000
100,0.21259593963623047,monte_carlo_cuda_n1000000
100,0.21167254447937012,monte_carlo_cuda_n1000000
100,0.21213102340698242,monte_carlo_cuda_n1000000
100,0.21337580680847168,monte_carlo_cuda_n1000000
100,0.21305537223815918,monte_carlo_cuda_n1000000
100,0.21288013458251953,monte_carlo_cuda_n1000000
100,0.2122511863708496,monte_carlo_cuda_n1000000
100,0.2120833396911621,monte_carlo_cuda_n1000000
100,0.21272730827331543,monte_carlo_cuda_n1000000
100,0.21226143836975098,monte_carlo_cuda_n1000000
100,0.21226978302001953,monte_carlo_cuda_n1000000
100,0.21184635162353516,monte_carlo_cuda_n1000000
100,0.2118992805480957,monte_carlo_cuda_n1000000
100,0.2131175994873047,monte_carlo_cuda_n1000000
100,0.21275877952575684,monte_carlo_cuda_n1000000
100,0.21329140663146973,monte_carlo_cuda_n1000000
100,0.2125251293182373,monte_carlo_cuda_n1000000
100,0.21270513534545898,monte_carlo_cuda_n1000000
100,0.21389317512512207,monte_carlo_cuda_n1000000
100,0.2124166488647461,monte_carlo_cuda_n1000000
100,0.21315264701843262,monte_carlo_cuda_n1000000
100,0.2123546600341797,monte_carlo_cuda_n1000000
100,0.21308541297912598,monte_carlo_cuda_n1000000
100,0.21349859237670898,monte_carlo_cuda_n1000000
100,0.2125229835510254,monte_carlo_cuda_n1000000
100,0.21289968490600586,monte_carlo_cuda_n1000000
100,0.21280550956726074,monte_carlo_cuda_n1000000
100,0.21270298957824707,monte_carlo_cuda_n1000000
100,0.21312475204467773,monte_carlo_cuda_n1000000
100,0.21310114860534668,monte_carlo_cuda_n1000000
100,0.2111647129058838,monte_carlo_cuda_n1000000
500,0.44258737564086914,monte_carlo_cuda_n1000000
500,0.4594745635986328,monte_carlo_cuda_n1000000
500,0.46157240867614746,monte_carlo_cuda_n1000000
500,0.44629359245300293,monte_carlo_cuda_n1000000
500,0.4463937282562256,monte_carlo_cuda_n1000000
500,0.44627928733825684,monte_carlo_cuda_n1000000
500,0.4461934566497803,monte_carlo_cuda_n1000000
500,0.44564008712768555,monte_carlo_cuda_n1000000
500,0.44655728340148926,monte_carlo_cuda_n1000000
500,0.44532060623168945,monte_carlo_cuda_n1000000
500,0.4461650848388672,monte_carlo_cuda_n1000000
500,0.44581174850463867,monte_carlo_cuda_n1000000
500,0.44600963592529297,monte_carlo_cuda_n1000000
500,0.4458954334259033,monte_carlo_cuda_n1000000
500,0.4460897445678711,monte_carlo_cuda_n1000000
500,0.44663405418395996,monte_carlo_cuda_n1000000
500,0.44647908210754395,monte_carlo_cuda_n1000000
500,0.4456460475921631,monte_carlo_cuda_n1000000
500,0.44550180435180664,monte_carlo_cuda_n1000000
500,0.44977378845214844,monte_carlo_cuda_n1000000
500,0.45310258865356445,monte_carlo_cuda_n1000000
500,0.45288777351379395,monte_carlo_cuda_n1000000
500,0.4533092975616455,monte_carlo_cuda_n1000000
500,0.45360517501831055,monte_carlo_cuda_n1000000
500,0.45360660552978516,monte_carlo_cuda_n1000000
500,0.452866792678833,monte_carlo_cuda_n1000000
500,0.45328521728515625,monte_carlo_cuda_n1000000
500,0.4537806510925293,monte_carlo_cuda_n1000000
500,0.4537529945373535,monte_carlo_cuda_n1000000
500,0.45395636558532715,monte_carlo_cuda_n1000000
500,0.45493221282958984,monte_carlo_cuda_n1000000
500,0.4532301425933838,monte_carlo_cuda_n1000000
500,0.4542207717895508,monte_carlo_cuda_n1000000
500,0.4486730098724365,monte_carlo_cuda_n1000000
500,0.4377889633178711,monte_carlo_cuda_n1000000
500,0.4382774829864502,monte_carlo_cuda_n1000000
500,0.4383084774017334,monte_carlo_cuda_n1000000
500,0.43892836570739746,monte_carlo_cuda_n1000000
500,0.44176769256591797,monte_carlo_cuda_n1000000
500,0.44081616401672363,monte_carlo_cuda_n1000000
500,0.44153833389282227,monte_carlo_cuda_n1000000
500,0.4405238628387451,monte_carlo_cuda_n1000000
500,0.44083666801452637,monte_carlo_cuda_n1000000
500,0.44188451766967773,monte_carlo_cuda_n1000000
500,0.4411005973815918,monte_carlo_cuda_n1000000
500,0.4412691593170166,monte_carlo_cuda_n1000000
500,0.44291186332702637,monte_carlo_cuda_n1000000
500,0.44113755226135254,monte_carlo_cuda_n1000000
500,0.441131591796875,monte_carlo_cuda_n1000000
500,0.4415872097015381,monte_carlo_cuda_n1000000
500,0.44170355796813965,monte_carlo_cuda_n1000000
500,0.4414057731628418,monte_carlo_cuda_n1000000
500,0.4418327808380127,monte_carlo_cuda_n1000000
500,0.44144177436828613,monte_carlo_cuda_n1000000
500,0.4415168762207031,monte_carlo_cuda_n1000000
500,0.44216489791870117,monte_carlo_cuda_n1000000
500,0.4387335777282715,monte_carlo_cuda_n1000000
500,0.4390120506286621,monte_carlo_cuda_n1000000
500,0.4377148151397705,monte_carlo_cuda_n1000000
500,0.43776702880859375,monte_carlo_cuda_n1000000
500,0.4402608871459961,monte_carlo_cuda_n1000000
500,0.4393932819366455,monte_carlo_cuda_n1000000
500,0.43861913681030273,monte_carlo_cuda_n1000000
500,0.4376499652862549,monte_carlo_cuda_n1000000
500,0.43801212310791016,monte_carlo_cuda_n1000000
500,0.4381425380706787,monte_carlo_cuda_n1000000
500,0.43863391876220703,monte_carlo_cuda_n1000000
500,0.43888378143310547,monte_carlo_cuda_n1000000
500,0.4382295608520508,monte_carlo_cuda_n1000000
500,0.43828415870666504,monte_carlo_cuda_n1000000
500,0.4383695125579834,monte_carlo_cuda_n1000000
500,0.4382956027984619,monte_carlo_cuda_n1000000
500,0.43832826614379883,monte_carlo_cuda_n1000000
500,0.4381070137023926,monte_carlo_cuda_n1000000
500,0.41433072090148926,monte_carlo_cuda_n1000000
500,0.4019131660461426,monte_carlo_cuda_n1000000
500,0.4035837650299072,monte_carlo_cuda_n1000000
500,0.4010200500488281,monte_carlo_cuda_n1000000
500,0.42310571670532227,monte_carlo_cuda_n1000000
500,0.437713623046875,monte_carlo_cuda_n1000000
500,0.43776392936706543,monte_carlo_cuda_n1000000
500,0.4380955696105957,monte_carlo_cuda_n1000000
500,0.43816447257995605,monte_carlo_cuda_n1000000
500,0.4392852783203125,monte_carlo_cuda_n1000000
500,0.43929433822631836,monte_carlo_cuda_n1000000
500,0.43785858154296875,monte_carlo_cuda_n1000000
500,0.4379281997680664,monte_carlo_cuda_n1000000
500,0.43822741508483887,monte_carlo_cuda_n1000000
500,0.4384157657623291,monte_carlo_cuda_n1000000
500,0.43888211250305176,monte_carlo_cuda_n1000000
500,0.43775200843811035,monte_carlo_cuda_n1000000
500,0.43780016899108887,monte_carlo_cuda_n1000000
500,0.4383378028869629,monte_carlo_cuda_n1000000
500,0.43561840057373047,monte_carlo_cuda_n1000000
500,0.435657262802124,monte_carlo_cuda_n1000000
500,0.43814659118652344,monte_carlo_cuda_n1000000
500,0.4378633499145508,monte_carlo_cuda_n1000000
500,0.43900513648986816,monte_carlo_cuda_n1000000
500,0.4379453659057617,monte_carlo_cuda_n1000000
500,0.43796586990356445,monte_carlo_cuda_n1000000
1000,0.8946926593780518,monte_carlo_cuda_n1000000
1000,0.8963832855224609,monte_carlo_cuda_n1000000
1000,0.91440749168396,monte_carlo_cuda_n1000000
1000,0.8858001232147217,monte_carlo_cuda_n1000000
1000,0.8742516040802002,monte_carlo_cuda_n1000000
1000,0.8757202625274658,monte_carlo_cuda_n1000000
1000,0.8760817050933838,monte_carlo_cuda_n1000000
1000,0.874485969543457,monte_carlo_cuda_n1000000
1000,0.8741545677185059,monte_carlo_cuda_n1000000
1000,0.8749048709869385,monte_carlo_cuda_n1000000
1000,0.8761239051818848,monte_carlo_cuda_n1000000
1000,0.8759465217590332,monte_carlo_cuda_n1000000
1000,0.8742706775665283,monte_carlo_cuda_n1000000
1000,0.8755378723144531,monte_carlo_cuda_n1000000
1000,0.8743941783905029,monte_carlo_cuda_n1000000
1000,0.8747079372406006,monte_carlo_cuda_n1000000
1000,0.875424861907959,monte_carlo_cuda_n1000000
1000,0.8746738433837891,monte_carlo_cuda_n1000000
1000,0.8739655017852783,monte_carlo_cuda_n1000000
1000,0.8742449283599854,monte_carlo_cuda_n1000000
1000,0.8745746612548828,monte_carlo_cuda_n1000000
1000,0.87762451171875,monte_carlo_cuda_n1000000
1000,0.8747684955596924,monte_carlo_cuda_n1000000
1000,0.875220775604248,monte_carlo_cuda_n1000000
1000,0.8741302490234375,monte_carlo_cuda_n1000000
1000,0.8749818801879883,monte_carlo_cuda_n1000000
1000,0.8752162456512451,monte_carlo_cuda_n1000000
1000,0.8748800754547119,monte_carlo_cuda_n1000000
1000,0.8740825653076172,monte_carlo_cuda_n1000000
1000,0.8750019073486328,monte_carlo_cuda_n1000000
1000,0.25027918815612793,monte_carlo_cuda_n1000000
1000,0.8753340244293213,monte_carlo_cuda_n1000000
1000,0.8741135597229004,monte_carlo_cuda_n1000000
1000,0.8744950294494629,monte_carlo_cuda_n1000000
1000,0.8747944831848145,monte_carlo_cuda_n1000000
1000,0.874906063079834,monte_carlo_cuda_n1000000
1000,0.8736104965209961,monte_carlo_cuda_n1000000
1000,0.8757505416870117,monte_carlo_cuda_n1000000
1000,0.8885841369628906,monte_carlo_cuda_n1000000
1000,0.9246609210968018,monte_carlo_cuda_n1000000
1000,0.8992874622344971,monte_carlo_cuda_n1000000
1000,0.8883023262023926,monte_carlo_cuda_n1000000
1000,0.9104011058807373,monte_carlo_cuda_n1000000
1000,0.8833761215209961,monte_carlo_cuda_n1000000
1000,0.9255883693695068,monte_carlo_cuda_n1000000
1000,0.9068944454193115,monte_carlo_cuda_n1000000
1000,0.8994746208190918,monte_carlo_cuda_n1000000
1000,0.8896145820617676,monte_carlo_cuda_n1000000
1000,0.9183945655822754,monte_carlo_cuda_n1000000
1000,0.9045369625091553,monte_carlo_cuda_n1000000
1000,0.8921515941619873,monte_carlo_cuda_n1000000
1000,0.901519775390625,monte_carlo_cuda_n1000000
1000,0.9225368499755859,monte_carlo_cuda_n1000000
1000,0.947084903717041,monte_carlo_cuda_n1000000
1000,0.9341158866882324,monte_carlo_cuda_n1000000
1000,0.9315738677978516,monte_carlo_cuda_n1000000
1000,0.9415102005004883,monte_carlo_cuda_n1000000
1000,0.91788649559021,monte_carlo_cuda_n1000000
1000,0.9178404808044434,monte_carlo_cuda_n1000000
1000,0.8778750896453857,monte_carlo_cuda_n1000000
1000,0.8886110782623291,monte_carlo_cuda_n1000000
1000,0.9206480979919434,monte_carlo_cuda_n1000000
1000,0.9198720455169678,monte_carlo_cuda_n1000000
1000,0.9207220077514648,monte_carlo_cuda_n1000000
1000,0.9237635135650635,monte_carlo_cuda_n1000000
1000,0.9171140193939209,monte_carlo_cuda_n1000000
1000,0.944014310836792,monte_carlo_cuda_n1000000
1000,0.9238278865814209,monte_carlo_cuda_n1000000
1000,0.9001543521881104,monte_carlo_cuda_n1000000
1000,0.9421098232269287,monte_carlo_cuda_n1000000
1000,0.9457144737243652,monte_carlo_cuda_n1000000
1000,0.9150841236114502,monte_carlo_cuda_n1000000
1000,0.8979091644287109,monte_carlo_cuda_n1000000
1000,0.9084329605102539,monte_carlo_cuda_n1000000
1000,0.8976240158081055,monte_carlo_cuda_n1000000
1000,0.9123156070709229,monte_carlo_cuda_n1000000
1000,0.9093747138977051,monte_carlo_cuda_n1000000
1000,0.9038453102111816,monte_carlo_cuda_n1000000
1000,0.8556923866271973,monte_carlo_cuda_n1000000
1000,0.8459830284118652,monte_carlo_cuda_n1000000
1000,0.8487341403961182,monte_carlo_cuda_n1000000
1000,0.8485808372497559,monte_carlo_cuda_n1000000
1000,0.8639991283416748,monte_carlo_cuda_n1000000
1000,0.8862094879150391,monte_carlo_cuda_n1000000
1000,0.8886585235595703,monte_carlo_cuda_n1000000
1000,0.886364221572876,monte_carlo_cuda_n1000000
1000,0.8877501487731934,monte_carlo_cuda_n1000000
1000,0.866126298904419,monte_carlo_cuda_n1000000
1000,0.8716521263122559,monte_carlo_cuda_n1000000
1000,0.8920173645019531,monte_carlo_cuda_n1000000
1000,0.8886651992797852,monte_carlo_cuda_n1000000
1000,0.8871760368347168,monte_carlo_cuda_n1000000
1000,0.8959176540374756,monte_carlo_cuda_n1000000
1000,0.8988406658172607,monte_carlo_cuda_n1000000
1000,0.9145486354827881,monte_carlo_cuda_n1000000
1000,0.9178836345672607,monte_carlo_cuda_n1000000
1000,0.8977553844451904,monte_carlo_cuda_n1000000
1000,0.894803524017334,monte_carlo_cuda_n1000000
1000,0.9065563678741455,monte_carlo_cuda_n1000000
1000,0.8792994022369385,monte_carlo_cuda_n1000000
